Dia;Dia_mes;Mes;Dia_sem;Lluvia;Lluvia_SN;Fecha;T_MAX_ALERTA;T_MAX;T_MIN;Viento_MAX;Viento_MED;SO2;CO;NO;NO2;PM2.5_UMBRAL;PM2.5;PM10_UMBRAL;PM10;O3;TOL;BEN;EBE;TCH;NMCH;SO2_MAX;CO_MAX;NO_MAX;NO2_MAX;PM2.5_MAX;PM10_MAX;O3_MAX;TOL_MAX;BEN_MAX;EBE_MAX;TCH_MAX;O3_Nivel;Dia_sem_num;Mes2
1;1;ENE;J;0;No;01/01/2015;V;10.7;-0.6;14;5;14.1;0.94;1.375.416.667;9.529.166.667;Si;2.866.666.667;No;3.658.333.333;10.5;6.02;2.2;1.14;2.076.666.667;0.616666667;20;1.3;244;127;33;64;20;9.1;3.9;1.9;2.44;V;2;ENE
2;2;ENE;V;0;No;02/01/2015;V;12.5;-0.4;11;5;15.4;0.96;159.375;1.025.833.333;No;21;No;28.75;7.428.571.429;7.46;2.24;1.36;2.01;0.58;22;1.5;327;165;23;36;22;11.5;4;2.4;2.31;V;6;ENE
3;3;ENE;S;0;No;03/01/2015;V;11.7;1.4;14;8;13.7;0.84;1.322.083.333;90.125;No;19;No;2.391.666.667;8.071.428.571;6.95;1.95;1.116.666.667;2.053.333.333;0.566666667;20;1.5;301;143;22;30;24;12.8;3.6;2.1;2.43;V;5;ENE
4;4;ENE;D;0;No;04/01/2015;V;14.4;1.4;12;6;14.2;0.92;1.205.833.333;9.045.833.333;No;18;No;2.141.666.667;1.107.142.857;6.516.666.667;2.05;1.3;1.92;0.56;22;1.5;270;141;20;33;32;11.9;3.5;2.6;2.24;V;1;ENE
5;5;ENE;L;0;No;05/01/2015;V;12.3;2;19;9;12.4;0.8;1.192.083.333;8.441.666.667;No;1.833.333.333;No;2.316.666.667;9.714.285.714;6.266.666.667;1.816.666.667;1.133.333.333;1.983.333.333;0.566666667;18;1.1;248;123;22;31;25;9.9;3.1;2.4;2.31;V;3;ENE
6;6;ENE;M;0;No;06/01/2015;V;10;1.3;10;6;11.1;0.76;95;7.579.166.667;No;23;No;2.516.666.667;9.214.285.714;5.183.333.333;1.75;0.8;2.03;0.59;15;1;235;108;24;31;22;8.5;3.3;1.5;2.38;V;4;ENE
7;7;ENE;X;0;No;07/01/2015;V;11;1.1;15;8;12.8;0.84;1.243.333.333;9.179.166.667;No;19.5;No;2.516.666.667;1.057.142.857;6.583.333.333;1.916.666.667;1.2;1.836.666.667;0.516666667;19;1.1;287;136;20;33;29;10.7;3.7;2.5;2.07;V;7;ENE
8;8;ENE;J;0;No;08/01/2015;V;12.6;0.9;19;11;13;0.73;1.049.166.667;86.875;No;15.5;No;2.241.666.667;10.5;7.85;1.583.333.333;1.566.666.667;1.726.666.667;0.45;21;1.1;251;123;18;37;33;18.7;2.9;4.4;1.93;V;2;ENE
9;9;ENE;V;0;No;09/01/2015;V;13.8;2.1;15;6;15.4;0.99;1.591.666.667;102.875;No;16;No;26.75;8.571.428.571;1.153.333.333;2.266.666.667;2.066.666.667;1.8;0.496666667;25;1.3;310;162;18;36;21;26.3;4;4.3;2.02;V;6;ENE
10;10;ENE;S;0;No;10/01/2015;V;13;1.8;12;5;12.2;0.76;1.109.166.667;84;No;13.5;No;1.983.333.333;10;8.166.666.667;1.833.333.333;1.633.333.333;1.89;0.586666667;19;1.2;259;128;14;25;21;18.9;3.4;3.8;2.33;V;5;ENE
11;11;ENE;D;0;No;11/01/2015;V;14.1;2.5;21;11;11.6;0.65;6.366.666.667;6.733.333.333;No;13.5;No;1.616.666.667;1.285.714.286;5.416.666.667;1.416.666.667;1.15;1.766.666.667;0.52;18;1.1;214;110;15;21;32;14.7;2.8;3.2;2.02;V;1;ENE
12;12;ENE;L;0;No;12/01/2015;V;12.3;4.2;24;14;11.4;0.63;76.5;6.683.333.333;No;10;No;17.25;2.064.285.714;6;1.4;1.183.333.333;1.636.666.667;0.446666667;20;1;193;103;10;24;40;14.6;2.5;2.6;1.81;V;3;ENE
13;13;ENE;M;0;No;13/01/2015;V;12.8;2.9;24;12;9.5;0.56;6.345.833.333;6.720.833.333;No;15;No;2.133.333.333;12.5;6.166.666.667;1.35;1.316.666.667;1.72;0.51;15;0.8;150;92;15;29;24;17.2;2.7;3.6;1.99;V;4;ENE
14;14;ENE;X;0;No;14/01/2015;V;8.3;2.7;14;6;8.9;0.58;7.079.166.667;68.75;No;21.5;No;28.5;8.928.571.429;6.95;1.583.333.333;1.45;1.883.333.333;0.573333333;14;0.7;122;86;22;37;16;19.8;3.2;4.4;2.16;V;7;ENE
15;15;ENE;J;1.4;Si;15/01/2015;V;11;4.9;37;18;6.3;0.37;2.266.666.667;52.375;No;13;No;1.458.333.333;19.5;5.3;1;1.183.333.333;1.646.666.667;0.48;9;0.5;50;73;15;21;30;17.5;2.6;3.7;1.91;V;2;ENE
16;16;ENE;V;4.4;Si;16/01/2015;V;8.4;3;35;17;5.6;0.32;12.375;3.708.333.333;No;7.5;No;8;4.964.285.714;3.916.666.667;0.75;0.75;1.486.666.667;0.436666667;9;0.5;44;62;11;14;71;15.9;2;3;1.66;V;6;ENE
17;17;ENE;S;0;No;17/01/2015;V;8.6;-0.8;27;12;6.4;0.36;19.625;46.625;No;7.5;No;11;3.592.857.143;3.95;0.833333333;0.666666667;1.65;0.546666667;9;0.5;43;63;10;23;50;14.9;1.9;2.6;2.05;V;5;ENE
18;18;ENE;D;4.5;Si;18/01/2015;V;3.5;0.6;14;6;5.2;0.36;11.125;3.983.333.333;No;10;No;1.066.666.667;2.364.285.714;3.35;0.883333333;0.533333333;1.763.333.333;0.536666667;9;0.5;36;59;11;15;38;13.5;2.2;2.1;2.1;V;1;ENE
19;19;ENE;L;1.4;Si;19/01/2015;V;7.4;1;55;26;6.3;0.35;1.741.666.667;4.229.166.667;No;5;No;9.083.333.333;3.978.571.429;3.416.666.667;0.866666667;0.533333333;1.533.333.333;0.496666667;12;0.6;59;71;6;14;61;12.7;2.1;1.7;1.7;V;3;ENE
20;20;ENE;M;0;No;20/01/2015;V;6.6;0;22;9;7.3;0.48;56;68.875;No;9.666.666.667;No;1.791.666.667;1.621.428.571;4.6;1.183.333.333;0.883333333;1.923.333.333;0.663333333;11;0.7;96;89;15;26;24;12.4;2.9;1.7;2.3;V;4;ENE
21;21;ENE;X;0.2;Si;21/01/2015;V;5.7;1;40;18;5.9;0.4;28.375;5.241.666.667;No;7.8;No;1.083.333.333;2.864.285.714;4.183.333.333;1.033.333.333;0.633333333;1.656.666.667;0.563333333;9;0.6;76;72;11;18;44;11.6;2.3;1.3;2.09;V;7;ENE
22;22;ENE;J;0.1;Si;22/01/2015;V;8.4;2.4;43;16;6.3;0.4;29;4.495.833.333;No;6.166.666.667;No;10.75;4.607.142.857;4.033.333.333;0.933333333;0.733333333;1.63;0.556666667;10;0.7;89;73;8;18;64;12.2;2.3;1.5;2.03;V;2;ENE
23;23;ENE;V;0;No;23/01/2015;V;10;-0.1;31;17;9.4;0.64;6.833.333.333;65.25;No;1.083.333.333;No;1.558.333.333;2.764.285.714;5.233.333.333;1.216.666.667;0.866666667;1.683.333.333;0.54;16;0.9;153;104;15;24;66;13.9;2.8;2.1;1.84;V;6;ENE
24;24;ENE;S;0;No;24/01/2015;V;10.9;-1.1;50;23;8.8;0.52;4.041.666.667;6.120.833.333;No;1.083.333.333;No;15.25;2.664.285.714;3.92;1;0.5;1.633.333.333;0.523333333;14;0.8;101;93;15;23;60;11.1;2.3;1.3;1.81;V;5;ENE
25;25;ENE;D;0;No;25/01/2015;V;13;2.2;39;16;8.4;0.42;1.729.166.667;44.625;No;6.166.666.667;No;9.416.666.667;4.457.142.857;2.88;0.66;0.36;1.55;0.48;19;0.7;62;83;9;13;87;9.5;1.5;1;1.68;A;1;ENE
26;26;ENE;L;0;No;26/01/2015;V;13.2;0.9;18;9;11.5;0.68;7.920.833.333;86;No;14.4;No;23;1.478.571.429;5.62;1.26;0.94;1.953.333.333;0.586666667;17;1.1;211;138;15;37;37;11.3;2.6;1.3;2.23;V;3;ENE
27;27;ENE;M;0;No;27/01/2015;V;13.6;2.4;38;17;9.9;0.54;53.625;6.216.666.667;No;9.6;No;1.581.818.182;2.471.428.571;4.583.333.333;0.933333333;0.666666667;1.626.666.667;0.5;15;0.9;164;107;13;27;54;11.5;2;1.3;1.79;V;4;ENE
28;28;ENE;X;0;No;28/01/2015;V;12.8;1.5;23;8;10.3;0.65;8.679.166.667;8.054.166.667;No;16.4;No;2.327.272.727;1.342.857.143;6.033.333.333;1.333.333.333;1.1;1.8;0.576666667;14;0.9;175;101;19;31;22;14.7;3.2;2.2;2.11;V;7;ENE
29;29;ENE;J;0.1;Si;29/01/2015;V;12.5;4.1;45;19;7.2;0.43;3.660.869.565;4.908.695.652;No;10.4;No;1.745.454.545;3.007.142.857;4.4;0.916666667;0.783333333;1.65;0.52;12;0.8;67;72;12;23;49;12.6;2.2;1.6;2.01;V;2;ENE
30;30;ENE;V;2;Si;30/01/2015;V;15.5;9.7;51;22;5.2;0.26;7.833.333.333;2.229.166.667;No;4.4;No;7.909.090.909;45;2.316.666.667;0.4;0.416666667;1.443.333.333;0.393333333;8;0.6;28;43;6;13;73;8.4;1.1;1.2;1.63;V;6;ENE
31;31;ENE;S;1.4;Si;31/01/2015;V;11.2;3.4;68;25;4.9;0.28;5.25;1.766.666.667;No;2.8;No;5.909.090.909;6.792.857.143;1.716.666.667;0.416666667;0.216666667;1.45;0.47;8;0.5;17;38;4;10;89;7;1.2;0.6;1.62;A;5;ENE
32;1;FEB;D;0;No;01/02/2015;V;8;1.9;50;20;4.6;0.28;4;1.504.166.667;No;3.4;No;5.727.272.727;72.5;1.483.333.333;0.433333333;0.183333333;1.48;0.51;7;0.5;10;33;4;8;92;6.2;1.2;0.5;1.66;A;1;FEB
33;2;FEB;L;1.8;Si;02/02/2015;V;5.1;3.3;36;18;4.6;0.33;1.170.833.333;3.229.166.667;No;6;No;8.454.545.455;4.564.285.714;2.25;0.616666667;0.366666667;1.506.666.667;0.51;8;0.6;36;56;8;13;62;7.2;1.6;1;1.72;V;3;FEB
34;3;FEB;M;4.1;Si;03/02/2015;V;9.5;2.6;46;22;4.8;0.32;1.120.833.333;3.020.833.333;No;4;No;6.545.454.545;5.592.857.143;2.3;0.55;0.333333333;1.473.333.333;0.493333333;8;0.6;35;57;6;10;75;8.4;1.6;0.8;1.66;A;4;FEB
35;4;FEB;X;0;No;04/02/2015;V;5.6;0.8;45;21;5.4;0.33;1.020.833.333;28.125;No;4.4;No;7.454.545.455;6.371.428.571;2.516.666.667;0.616666667;0.416666667;1.5;0.523333333;12;0.6;34;54;6;11;92;8.6;1.9;0.9;1.67;A;7;FEB
36;5;FEB;J;0;No;05/02/2015;V;5.8;0.9;62;28;5.5;0.33;9.291.666.667;26.375;No;5.2;No;8.909.090.909;63.5;2.4;0.633333333;0.3;1.51;0.443333333;13;0.6;27;47;6;12;92;8.6;1.9;0.9;1.66;A;2;FEB
37;6;FEB;V;0;No;06/02/2015;V;5.8;-0.2;36;15;6.3;0.38;1.445.833.333;3.654.166.667;No;5;No;8.545.454.545;5.057.142.857;2.683.333.333;0.783333333;0.35;1.536.666.667;0.496666667;12;0.7;41;58;6;11;76;9.1;2.1;0.9;1.7;A;6;FEB
38;7;FEB;S;0;No;07/02/2015;V;3.5;-0.8;28;12;8.5;0.47;24.625;4.566.666.667;No;9.6;No;1.190.909.091;2.278.571.429;2.9;1.05;0.35;1.656.666.667;0.543333333;25;0.7;73;79;12;17;42;9;2.5;0.8;1.88;V;5;FEB
39;8;FEB;D;0;No;08/02/2015;V;8.8;-1.5;30;13;8.2;0.48;18.5;3.858.333.333;No;11;No;1.218.181.818;41;2.366.666.667;1.05;0.3;1.603.333.333;0.506666667;23;0.8;37;63;12;16;61;7.9;2.4;0.7;1.82;V;1;FEB
40;9;FEB;L;0;No;09/02/2015;V;10.4;0.9;41;17;8.2;0.39;1.216.666.667;3.679.166.667;No;9.8;No;1.390.909.091;45.5;2.383.333.333;0.766666667;0.316666667;1.56;0.396666667;28;0.6;45;61;11;16;67;7.5;2;0.7;1.7;V;3;FEB
41;10;FEB;M;0;No;10/02/2015;V;9;3.4;23;7;8.3;0.43;14;4.991.666.667;No;11;No;1.609.090.909;38;2.766.666.667;0.816666667;0.35;1.57;0.363333333;26;0.7;47;71;14;22;50;8.3;2.1;0.8;1.73;V;4;FEB
42;11;FEB;X;0;No;11/02/2015;V;8.8;4.9;20;11;8.1;0.42;16;5.395.833.333;No;1.216.666.667;No;1.790.909.091;2.864.285.714;3.94;1;0.54;1.625;0.505;24;0.7;51;76;14;25;47;9;2;1;1.75;V;7;FEB
43;12;FEB;J;0;No;12/02/2015;V;11.7;4.5;20;12;8.3;0.45;3.033.333.333;5.541.666.667;No;15;No;2.558.333.333;2.628.571.429;3.916.666.667;0.933333333;0.716666667;1.65;0.435;20;0.7;83;75;17;34;48;9.8;2.3;1.6;1.74;V;2;FEB
44;13;FEB;V;0;No;13/02/2015;V;12.4;3;36;17;6.3;0.42;35.875;4.658.333.333;No;1.833.333.333;No;2.516.666.667;3.664.285.714;3.866.666.667;0.933333333;0.583333333;1.7;0.37;10;0.7;70;67;21;35;51;8.9;2.4;0.9;2.07;V;6;FEB
45;14;FEB;S;0.1;Si;14/02/2015;V;12.4;7;42;20;4.9;0.27;5.125;2.066.666.667;No;7.833.333.333;No;1.133.333.333;6.257.142.857;1.666.666.667;0.466666667;0.25;1.43;0.316666667;8;0.6;18;38;11;19;84;6.5;1.2;0.6;1.69;A;5;FEB
46;15;FEB;D;4;Si;15/02/2015;V;14.9;7;37;17;4.9;0.28;5.375;2.008.333.333;No;4.666.666.667;No;6.166.666.667;5.421.428.571;1.6;0.466666667;0.233333333;1.41;0.206666667;9;0.6;16;39;6;10;76;6.2;1.3;0.5;1.63;A;1;FEB
47;16;FEB;L;0;No;16/02/2015;V;13.3;7.8;28;12;5.8;0.31;1.583.333.333;3.683.333.333;No;6.166.666.667;No;8.25;4.185.714.286;2.316.666.667;0.7;0.616666667;1.416.666.667;0.123333333;10;0.6;38;51;8;15;60;5.9;2;2.1;1.6;V;3;FEB
48;17;FEB;M;6.2;Si;17/02/2015;V;12.1;4.5;66;26;7.1;0.29;6.291.666.667;2.070.833.333;No;3.5;No;6.5;6.607.142.857;1.666.666.667;0.45;0.316666667;1.406.666.667;0.133333333;24;0.6;24;39;6;10;92;3.7;1.1;0.8;1.57;A;4;FEB
49;18;FEB;X;0;No;18/02/2015;V;11;3.9;45;19;9.2;0.36;8.625;2.970.833.333;No;5.833.333.333;No;8.25;5.157.142.857;1.783.333.333;0.533333333;0.383333333;1.433.333.333;0.153333333;39;0.6;35;54;8;12;81;4.6;1.3;0.9;1.59;A;7;FEB
50;19;FEB;J;0;No;19/02/2015;V;11.7;2.8;18;10;7.2;0.47;31.875;5.504.166.667;No;1.366.666.667;No;18;3.342.857.143;3.083.333.333;0.9;0.55;1.54;0.19;12;0.7;81;80;15;25;54;5.2;2.3;1;1.79;V;2;FEB
51;20;FEB;V;0;No;20/02/2015;V;11.4;2.1;22;11;6.9;0.53;3.691.666.667;6.095.833.333;No;2.216.666.667;No;2.583.333.333;33;3.9;1.083.333.333;0.666666667;1.603.333.333;0.24;11;0.8;66;78;24;36;42;5.7;2.7;1.4;1.92;V;6;FEB
52;21;FEB;S;3;Si;21/02/2015;V;13.2;5.2;43;23;5.2;0.35;7.375;25.5;No;7.833.333.333;No;9.75;6.178.571.429;1.416.666.667;0.583333333;0.35;1.426.666.667;0.216666667;10;0.6;23;49;9;15;76;3.2;1.7;0.8;1.63;A;5;FEB
53;22;FEB;D;0;No;22/02/2015;V;14.2;2.5;35;15;5.7;0.36;8.833.333.333;34.75;No;5.833.333.333;No;1.041.666.667;5.071.428.571;1.633.333.333;0.583333333;0.333333333;1.62;0.293333333;10;0.6;33;53;9;20;65;3.3;1.7;0.7;1.89;V;1;FEB
54;23;FEB;L;0;No;23/02/2015;V;13.9;7.4;48;22;5.1;0.3;1.043.478.261;2.404.347.826;No;5.8;No;9.181.818.182;4.971.428.571;1.633.333.333;0.433333333;0.383333333;1.423.333.333;0.293333333;10;0.6;35;46;9;17;70;3.6;1.2;0.9;1.67;V;3;FEB
55;24;FEB;M;0;No;24/02/2015;V;11.7;4.5;49;22;5.222.222.222;0.355555556;8.090.909.091;2.318.181.818;No;4.25;No;8;6.715.384.615;1.94;0.7;0.36;1.555;0.555;9;0.6;33;43;6;13;84;3.9;1.7;0.7;1.66;A;4;FEB
56;25;FEB;X;0;No;25/02/2015;V;14.4;4.4;49;21;5.777.777.778;0.388888889;1.660.869.565;3.526.086.957;No;5.2;No;1.027.272.727;5.684.615.385;2.56;0.8;0.48;1.65;0.57;10;0.7;52;61;7;16;72;4.4;2.1;0.7;1.83;V;7;FEB
57;26;FEB;J;0;No;26/02/2015;V;13.6;6.8;34;15;6;0.39;2.245.833.333;4.483.333.333;No;7;No;11.25;3.378.571.429;2.75;0.8;0.533333333;1.556.666.667;0.423333333;11;0.7;68;70;11;19;49;5.1;2.2;0.9;2;V;2;FEB
58;27;FEB;V;0;No;27/02/2015;V;14.7;7.3;29;14;7.5;0.39;24;4.170.833.333;No;6.166.666.667;No;10.25;4.628.571.429;2.666.666.667;0.716666667;0.55;1.566.666.667;0.446666667;20;0.7;66;61;8;15;57;4.2;1.8;1;1.99;V;6;FEB
59;28;FEB;S;0;No;28/02/2015;V;16.8;4;31;14;7.1;0.41;20.375;43.625;No;7.833.333.333;No;1.391.666.667;3.635.714.286;2.383.333.333;0.65;0.366666667;1.53;0.45;13;0.6;54;59;11;22;53;4.1;1.7;0.7;1.83;V;5;FEB
60;1;MAR;D;0;No;01/03/2015;V;19;9.9;31;17;4.9;0.29;6.833.333.333;2.108.333.333;No;5.166.666.667;No;9.833.333.333;4.921.428.571;1.333.333.333;0.483333333;0.25;1.453.333.333;0.38;9;0.6;24;41;7;17;65;2.8;1.3;0.6;1.77;V;1;MAR
61;2;MAR;L;0;No;02/03/2015;V;18.6;8.5;21;12;5;0.34;2.029.166.667;3.391.666.667;No;1.033.333.333;No;1.591.666.667;25.5;2.316.666.667;0.683333333;0.45;1.54;0.416666667;9;0.6;46;49;14;24;34;5.1;2;0.9;1.94;V;3;MAR
62;3;MAR;M;0;No;03/03/2015;V;17.4;9.4;16;9;5.8;0.42;33.875;4.520.833.333;No;19.5;No;25.5;14.5;3.35;0.916666667;0.733333333;1.626.666.667;0.466666667;10;0.7;59;64;24;36;24;6;2.4;1.6;1.99;V;4;MAR
63;4;MAR;X;0;No;04/03/2015;V;15.3;5.6;42;21;6.8;0.39;3.604.166.667;3.779.166.667;No;1.116.666.667;No;17;41;3.283.333.333;0.833333333;0.616666667;1.583.333.333;0.46;13;0.7;73;55;14;22;53;5.8;2.1;1;1.92;V;7;MAR
64;5;MAR;J;0;No;05/03/2015;V;14.9;2.6;36;17;8.3;0.32;1.291.666.667;36;No;4.833.333.333;No;9.333.333.333;5.371.428.571;1.45;0.533333333;0.283333333;1.473.333.333;0.43;28;0.6;46;58;7;13;71;2.6;1.3;0.6;1.71;V;2;MAR
65;6;MAR;V;0;No;06/03/2015;V;18.6;4.6;36;17;8.4;0.5;4.766.666.667;60;No;8.5;No;2.016.666.667;3.764.285.714;3.216.666.667;0.95;0.616666667;1.576.666.667;0.473333333;18;0.8;113;82;12;29;50;5;2.2;1;1.86;V;6;MAR
66;7;MAR;S;0;No;07/03/2015;V;21.3;5.6;20;11;9.7;0.57;6.329.166.667;7.083.333.333;No;15;No;2.658.333.333;2.521.428.571;4.3;1.166.666.667;0.833333333;1.663.333.333;0.46;17;0.9;140;89;20;40;42;6.7;2.5;1.4;1.96;V;5;MAR
67;8;MAR;D;0;No;08/03/2015;V;22.6;6.5;31;15;7.8;0.41;28.625;4.958.333.333;No;1.033.333.333;No;1.766.666.667;3.814.285.714;2.816.666.667;0.9;0.566666667;1.643.333.333;0.513333333;15;0.8;76;69;14;28;64;4.4;1.9;1.1;1.93;V;1;MAR
68;9;MAR;L;0;No;09/03/2015;V;22.1;6.5;19;10;8.5;0.47;4.320.833.333;6.570.833.333;No;1.016.666.667;No;2.266.666.667;3.407.142.857;3.2;0.916666667;0.583333333;1.563.333.333;0.426666667;14;0.8;102;88;12;33;52;4.6;2;1.1;1.83;V;3;MAR
69;10;MAR;M;0;No;10/03/2015;V;22.9;8.5;21;10;7.7;0.48;4.508.333.333;6.933.333.333;No;11.4;No;2.363.636.364;2.878.571.429;3.933.333.333;0.983333333;0.75;1.606.666.667;0.426666667;12;0.8;113;91;14;35;46;6.4;2.3;1.2;1.95;V;4;MAR
70;11;MAR;X;0;No;11/03/2015;V;22.4;6.3;19;9;8.9;0.54;50.625;7.754.166.667;No;19;No;33.25;2.907.142.857;4.55;1.2;1;1.65;0.433333333;13;0.9;102;105;23;47;46;6.8;2.8;1.5;1.98;V;7;MAR
71;12;MAR;J;0;No;12/03/2015;V;21.7;8.3;24;12;8.1;0.49;4.570.833.333;7.320.833.333;No;21.5;No;3.358.333.333;2.992.857.143;4.033.333.333;1.1;1.033.333.333;1.636.666.667;0.49;13;0.8;86;104;26;49;47;7.1;2.8;2.6;1.96;V;2;MAR
72;13;MAR;V;0;No;13/03/2015;V;18.4;9.2;41;19;7.9;0.36;2.045.833.333;43.75;No;15;No;2.858.333.333;40;2.75;0.716666667;0.7;1.543.333.333;0.46;22;0.7;51;65;19;35;55;5.1;1.9;1.6;1.83;V;6;MAR
73;14;MAR;S;0;No;14/03/2015;V;13.8;4.5;43;19;6.3;0.3;5.25;2.208.333.333;No;3.5;No;9.75;7.021.428.571;0.983333333;0.433333333;0.183333333;1.436.666.667;0.326666667;15;0.6;24;43;5;18;83;1.8;1.1;0.4;1.64;A;5;MAR
74;15;MAR;D;0;No;15/03/2015;V;9.5;2.6;30;14;6.4;0.31;4.541.666.667;24.75;No;9.833.333.333;No;1.216.666.667;6.528.571.429;0.716666667;0.45;0.166666667;1.446.666.667;0.22;15;0.6;16;45;12;17;85;1.4;1.2;0.3;1.63;A;1;MAR
75;16;MAR;L;0;No;16/03/2015;V;12.8;1.7;24;12;7.1;0.42;21;4.745.833.333;No;15.5;No;1.966.666.667;4.585.714.286;1.766.666.667;0.733333333;0.383333333;1.513.333.333;0.32;16;0.7;53;61;19;29;57;3.7;2.1;0.8;1.76;V;3;MAR
76;17;MAR;M;0;No;17/03/2015;V;13.9;4.9;38;19;8.3;0.34;1.141.666.667;4.358.333.333;No;1.833.333.333;No;2.658.333.333;51;2.116.666.667;0.7;0.366666667;1.523.333.333;0.373333333;29;0.6;30;67;22;34;73;4.1;1.9;0.7;1.77;V;4;MAR
77;18;MAR;X;5.4;Si;18/03/2015;V;9.3;3;32;15;7.8;0.34;8.625;3.670.833.333;No;9.166.666.667;No;1.208.333.333;5.778.571.429;1.35;0.633333333;0.266666667;1.463.333.333;0.37;33;0.7;35;62;11;21;80;2.4;1.5;0.5;1.66;A;7;MAR
78;19;MAR;J;2.8;Si;19/03/2015;V;12.1;5.9;45;21;7.2;0.31;3.791.666.667;2.104.166.667;No;7.333.333.333;No;11.25;6.314.285.714;0.816666667;0.5;0.183333333;1.433.333.333;0.36;26;0.6;16;41;8;16;82;1.7;1.2;0.5;1.65;A;2;MAR
79;20;MAR;V;3.2;Si;20/03/2015;V;13.1;8.6;58;27;7.4;0.31;5.208.333.333;2.408.333.333;No;11.5;No;1.558.333.333;6.521.428.571;1.033.333.333;0.55;0.283333333;1.436.666.667;0.393333333;24;0.6;24;47;13;20;88;2.2;1.2;0.6;1.65;A;6;MAR
80;21;MAR;S;3.7;Si;21/03/2015;V;11.9;7;41;18;7.1;0.31;4.541.666.667;22;No;6.666.666.667;No;7.916.666.667;6.114.285.714;0.783333333;0.5;0.2;1.436.666.667;0.373333333;23;0.6;20;45;9;13;81;1.6;1.2;0.4;1.65;A;5;MAR
81;22;MAR;D;5.2;Si;22/03/2015;V;12.5;7.7;33;7;7.9;0.32;4.458.333.333;2.129.166.667;No;4.833.333.333;No;8.333.333.333;5.907.142.857;0.666666667;0.533333333;0.166666667;1.45;0.386666667;30;0.6;21;42;6;16;77;1.2;1.3;0.3;1.66;A;1;MAR
82;23;MAR;L;18.6;Si;23/03/2015;V;8.7;6.2;26;13;6.8;0.41;1.866.666.667;46.375;No;7;No;8;3.121.428.571;1.933.333.333;0.766666667;0.3;1.463.333.333;0.356666667;16;0.7;49;66;10;13;59;4.3;1.9;0.5;1.66;V;3;MAR
83;24;MAR;M;0.8;Si;24/03/2015;V;14.1;6.3;45;23;7.2;0.31;6.833.333.333;2.641.666.667;No;4.166.666.667;No;5.75;5.871.428.571;1.02;0.38;0.26;1.436.666.667;0.313333333;20;0.6;29;49;6;10;81;2.3;0.6;0.5;1.63;A;4;MAR
84;25;MAR;X;0;No;25/03/2015;V;10.5;3.7;57;26;5.6;0.28;6.5;1.995.833.333;No;2.833.333.333;No;6.416.666.667;7.492.857.143;1.34;0.5;0.26;1.43;0.39;12;0.6;19;36;4;11;91;3.3;1.3;0.4;1.65;A;7;MAR
85;26;MAR;J;0;No;26/03/2015;V;14.9;2.5;42;17;5.6;0.31;1.595.833.333;3.491.666.667;No;5.6;No;1.354.545.455;4.630.769.231;2.1;0.725;0.35;1.456.666.667;0.31;10;0.6;45;54;7;26;61;4.7;1.9;0.6;1.7;V;2;MAR
86;27;MAR;V;0;No;27/03/2015;V;20.5;8.6;28;4;6.6;0.38;2.545.833.333;34.875;No;6.6;No;12;3.507.142.857;2.28;0.74;0.56;1.463.333.333;0.29;11;0.7;71;52;8;18;47;5;1.9;1.3;1.7;V;6;MAR
87;28;MAR;S;0;No;28/03/2015;V;25.3;8.7;36;14;7.5;0.4;39.25;4.404.166.667;No;12.6;No;1.836.363.636;3.242.857.143;3.25;0.9;1.016.666.667;1.593.333.333;0.366666667;11;0.7;97;57;15;25;49;6;2.2;2.3;1.86;V;5;MAR
88;29;MAR;D;0;No;29/03/2015;V;23;11.1;26;11;6.111.111.111;0.311111111;1.043.478.261;32;No;6.75;No;14.1;5.207.692.308;1.5;0.52;0.62;1.61;0.33;9;0.5;30;50;8;27;60;3.1;1.2;2;1.77;V;1;MAR
89;30;MAR;L;0;No;30/03/2015;V;27;13.2;28;14;6;0.35;20.875;48.5;No;9;No;1.927.272.727;4.964.285.714;2.3;0.666666667;0.833333333;1.556.666.667;0.256666667;9;0.6;51;70;13;28;67;4.9;1.9;2.1;1.92;V;3;MAR
90;31;MAR;M;0;No;31/03/2015;V;26.8;12.5;29;13;6.9;0.42;34.625;5.566.666.667;No;11.8;No;2.245.454.545;4.114.285.714;4.98;1.06;1.28;1.536.666.667;0.296666667;11;0.8;66;73;14;28;56;7.5;2.4;3.9;1.78;V;4;MAR
91;1;ABR;X;0;No;01/04/2015;V;22.5;10;32;15;5.3;0.27;7.75;28.25;No;6.5;No;1.283.333.333;6.035.714.286;1.8;0.35;0.516666667;1.423.333.333;0.266666667;8;0.5;35;55;8;16;80;3.6;0.9;1.7;1.59;A;7;ABR
92;2;ABR;J;0;No;02/04/2015;V;24;7.9;30;15;4.7;0.27;6.041.666.667;25.75;No;5;No;12.5;6.557.142.857;1.116.666.667;0.316666667;0.233333333;1.433.333.333;0.293333333;8;0.5;22;45;7;22;80;1.9;0.7;0.5;1.63;A;2;ABR
93;3;ABR;V;0;No;03/04/2015;V;24.2;12.5;28;15;4.7;0.25;7.208.333.333;2.320.833.333;No;3.666.666.667;No;9;5.142.857.143;1.016.666.667;0.266666667;0.216666667;1.42;0.283333333;8;0.5;35;47;4;14;63;1.9;0.6;0.4;1.63;V;6;ABR
94;4;ABR;S;0;No;04/04/2015;V;22.4;9.8;39;22;4.6;0.23;3.416.666.667;1.791.666.667;No;4.166.666.667;No;11.75;67;0.866666667;0.216666667;0.25;1.393.333.333;0.276666667;8;0.5;18;40;5;19;83;1.7;0.5;0.8;1.55;A;5;ABR
95;5;ABR;D;0;No;05/04/2015;V;24;9.1;36;16;4.5;0.25;4.958.333.333;22.375;No;4;No;9.75;6.971.428.571;1.016.666.667;0.3;0.25;1.426.666.667;0.31;8;0.5;18;38;4;18;85;2.4;0.9;0.7;1.63;A;1;ABR
96;6;ABR;L;0;No;06/04/2015;V;21.2;9.8;31;15;4.9;0.26;6.875;24.75;No;7.166.666.667;No;16.75;6.407.142.857;1.316.666.667;0.4;0.216666667;1.446.666.667;0.32;8;0.5;20;43;8;28;82;3.2;1.3;0.4;1.63;A;3;ABR
97;7;ABR;M;0;No;07/04/2015;V;18.5;9;75;20;4.8;0.29;7.583.333.333;2.379.166.667;No;8.333.333.333;No;1.716.666.667;7.414.285.714;1.383.333.333;0.433333333;0.266666667;1.466.666.667;0.33;8;0.5;29;41;11;21;90;3.2;1.3;0.6;1.65;A;4;ABR
98;8;ABR;X;0;No;08/04/2015;V;18.4;7;39;17;6;0.3;5.166.666.667;2.341.666.667;No;7.166.666.667;No;16.5;8.828.571.429;1.183.333.333;0.433333333;0.283333333;1.44;0.306666667;19;0.5;17;42;8;22;104;3.6;1.3;0.8;1.62;R;7;ABR
99;9;ABR;J;5.8;Si;09/04/2015;V;11.9;6;30;14;6.9;0.32;7.208.333.333;3.491.666.667;No;8.166.666.667;No;13.75;6.257.142.857;1.666.666.667;0.566666667;0.266666667;1.466.666.667;0.303333333;22;0.6;28;60;9;18;87;4.3;1.5;0.5;1.63;A;2;ABR
100;10;ABR;V;0;No;10/04/2015;V;16.9;8.4;16;8;6.7;0.34;9.375;4.141.666.667;No;1.566.666.667;No;23;5.635.714.286;2.133.333.333;0.683333333;0.4;1.466.666.667;0.336666667;20;0.6;23;67;17;26;76;5.5;2.1;0.8;1.66;A;6;ABR
101;11;ABR;S;0;No;11/04/2015;V;22.2;10;46;17;6.5;0.31;8;2.908.333.333;No;1.166.666.667;No;2.083.333.333;5.942.857.143;1.566.666.667;0.483333333;0.283333333;1.473.333.333;0.363333333;18;0.6;33;49;14;26;78;3.8;1.3;0.5;1.7;A;5;ABR
102;12;ABR;D;0;No;12/04/2015;V;21.5;11.1;36;17;5.7;0.27;3.25;21.75;No;1.333.333.333;No;29;7.207.142.857;0.95;0.35;0.25;1.44;0.35;13;0.5;12;45;16;33;84;2.8;0.9;0.6;1.64;A;1;ABR
103;13;ABR;L;0;No;13/04/2015;V;23.4;12.9;53;25;5.1;0.3;6.25;2.845.833.333;No;1.533.333.333;No;42.25;7.164.285.714;1.433.333.333;0.433333333;0.266666667;1.466.666.667;0.33;8;0.6;23;53;17;49;84;3.6;1.1;0.4;1.64;A;3;ABR
104;14;ABR;M;0.1;Si;14/04/2015;V;24.8;12;53;24;4.9;0.29;8.708.333.333;3.133.333.333;No;1.566.666.667;No;42.75;7.064.285.714;1.75;0.4;0.266666667;1.453.333.333;0.333333333;8;0.6;31;60;17;48;86;3.5;1.1;0.5;1.66;A;4;ABR
105;15;ABR;X;17.8;Si;15/04/2015;V;18.9;11.9;33;17;6.5;0.31;10.625;3.583.333.333;No;1.283.333.333;No;29;7.014.285.714;2.1;0.5;0.416666667;1.426.666.667;0.26;18;0.6;27;57;15;36;90;5;1.6;1;1.59;A;7;ABR
106;16;ABR;J;0.2;Si;16/04/2015;V;16.9;10.6;32;15;4.7;0.27;8.291.666.667;2.754.166.667;No;8.166.666.667;No;12.75;57;1.633.333.333;0.5;0.283333333;1.453.333.333;0.236666667;8;0.6;29;47;12;18;75;4.1;1.5;0.6;1.69;A;2;ABR
107;17;ABR;V;0;No;17/04/2015;V;20.1;11.5;26;12;4.7;0.31;10.25;3.129.166.667;No;11.5;No;1.858.333.333;6.142.857.143;2;0.55;0.35;1.456.666.667;0.346666667;8;0.7;37;51;14;24;80;4.6;1.6;0.8;1.71;A;6;ABR
108;18;ABR;S;0;No;18/04/2015;V;19.1;10;47;21;4.7;0.3;1.216.666.667;32.5;No;1.066.666.667;No;2.083.333.333;5.542.857.143;1.866.666.667;0.483333333;0.283333333;1.603.333.333;0.47;8;0.6;40;50;14;26;66;4.1;1.4;0.5;1.86;V;5;ABR
109;19;ABR;D;0;No;19/04/2015;V;18.8;7.4;50;13;4.5;0.26;4.833.333.333;2.054.166.667;No;4;No;7.75;7.457.142.857;0.9;0.366666667;0.166666667;1.446.666.667;0.446666667;7;0.5;14;39;5;13;89;2.3;1;0.3;1.69;A;1;ABR
110;20;ABR;L;0;No;20/04/2015;V;21.6;8.8;22;12;5.444.444.444;0.322222222;1.143.478.261;3.856.521.739;No;6.333.333.333;No;12.25;5.923.076.923;1.783.333.333;0.466666667;0.283333333;1.486.666.667;0.47;9;0.6;37;61;8;16;76;3.3;1.2;0.6;1.72;A;3;ABR
111;21;ABR;M;0;No;21/04/2015;V;22.4;12.1;37;18;5;0.3;7.086.956.522;2.995.652.174;No;6.333.333.333;No;1.583.333.333;7.615.384.615;1.966.666.667;0.45;0.283333333;1.463.333.333;0.456666667;8;0.6;23;53;8;24;85;3.8;1.3;0.6;1.68;A;4;ABR
112;22;ABR;X;0;No;22/04/2015;V;21.8;12.1;36;16;5.222.222.222;0.288888889;7.043.478.261;2.782.608.696;No;8.333.333.333;No;1.841.666.667;8.015.384.615;1.533.333.333;0.45;0.25;1.466.666.667;0.486666667;10;0.6;19;49;11;28;88;3.6;1.4;0.5;1.72;A;7;ABR
113;23;ABR;J;0;No;23/04/2015;V;24;10.8;30;12;5.222.222.222;0.344444444;1.630.434.783;4.365.217.391;No;12;No;23.5;5.915.384.615;2.866.666.667;0.65;0.4;1.533.333.333;0.583333333;8;0.7;39;67;14;31;72;5.6;2;0.8;1.81;V;2;ABR
114;24;ABR;V;0;No;24/04/2015;V;22.9;12.5;30;14;6;0.366666667;2.152.173.913;4.969.565.217;No;13;No;2.933.333.333;5.061.538.462;3.516.666.667;0.766666667;0.55;1.596.666.667;0.563333333;9;0.7;46;73;14;37;68;6.2;2.2;1.1;1.88;V;6;ABR
115;25;ABR;S;0.1;Si;25/04/2015;V;18.9;11.5;39;17;4.666.666.667;0.244444444;4.043.478.261;1.630.434.783;No;5.5;No;1.333.333.333;7.192.307.692;0.866666667;0.3;0.15;1.433.333.333;0.52;8;0.5;16;36;7;23;85;2;0.7;0.3;1.7;A;5;ABR
116;26;ABR;D;21.6;Si;26/04/2015;V;15.3;9.3;63;22;4.666.666.667;0.266666667;3.869.565.217;2.056.521.739;No;4.166.666.667;No;7.416.666.667;5.976.923.077;0.883333333;0.333333333;0.15;1.473.333.333;0.566666667;8;0.5;11;34;6;14;77;2.2;0.9;0.3;1.79;A;1;ABR
117;27;ABR;L;0;No;27/04/2015;V;16.7;8.2;33;15;4.777.777.778;0.3;8.130.434.783;2.369.565.217;No;4.333.333.333;No;8.75;6.553.846.154;1.416.666.667;0.45;0.233333333;1.453.333.333;0.583333333;8;0.6;33;50;7;15;83;3.6;1.4;0.4;1.71;A;3;ABR
118;28;ABR;M;0;No;28/04/2015;V;19.6;8.7;29;12;5.8;0.32;1.204.166.667;35.625;No;5.666.666.667;No;1.158.333.333;5.185.714.286;2.783.333.333;0.533333333;0.366666667;1.496.666.667;0.62;13;0.7;34;52;7;20;65;6.5;1.5;0.7;1.77;V;4;ABR
119;29;ABR;X;0;No;29/04/2015;V;21.1;10.8;32;13;5;0.29;9.166.666.667;2.779.166.667;No;7.5;No;1.433.333.333;6.442.857.143;2;0.483333333;0.283333333;1.46;0.26;9;0.6;37;48;10;20;75;4.9;1.4;0.5;1.7;A;7;ABR
120;30;ABR;J;0;No;30/04/2015;V;23.4;10.3;28;13;5.5;0.31;1.908.333.333;3.904.166.667;No;9.666.666.667;No;2.033.333.333;5.114.285.714;2.95;0.633333333;0.4;1.496.666.667;0.133333333;9;0.6;38;59;12;33;59;5.7;1.9;0.8;1.7;V;2;ABR
121;1;MAY;V;0;No;01/05/2015;V;23.9;13.2;26;13;4.7;0.22;4.083.333.333;1.883.333.333;No;7.333.333.333;No;16;5.535.714.286;1.216.666.667;0.266666667;0.166666667;1.48;0.056666667;8;0.4;17;35;9;26;66;2.4;0.6;0.4;1.81;V;6;MAY
122;2;MAY;S;0;No;02/05/2015;V;26.6;14.3;40;15;4.6;0.2;6.458.333.333;1.579.166.667;No;7.333.333.333;No;1.408.333.333;3.035.714.286;1.2;0.3;0.216666667;1.436.666.667;0.056666667;8;0.3;19;27;9;20;47;3.1;0.9;0.4;1.69;V;5;MAY
123;3;MAY;D;0;No;03/05/2015;V;21.6;17.1;34;15;4.7;0.23;5;2.156.521.739;No;8.8;No;2.054.545.455;5.078.571.429;1.166.666.667;0.266666667;0.183333333;1.45;0.07;8;0.4;19;41;11;30;69;2.6;0.6;0.5;1.74;V;1;MAY
124;4;MAY;L;0.1;Si;04/05/2015;V;26.9;16;52;27;5.2;0.28;1.483.333.333;3.095.833.333;No;11.5;No;2.816.666.667;47.5;2.25;0.466666667;0.383333333;1.466.666.667;0.083333333;9;0.4;34;45;13;36;61;4.9;1.5;0.7;1.6;V;3;MAY
125;5;MAY;M;0;No;05/05/2015;V;21.1;11.5;43;18;4.9;0.24;5.333.333.333;1.679.166.667;No;4.833.333.333;No;1.066.666.667;8.064.285.714;1.283.333.333;0.35;0.2;1.396.666.667;0.096666667;9;0.4;22;36;7;15;94;3;1;0.4;1.57;A;4;MAY
126;6;MAY;X;0;No;06/05/2015;V;23.4;9.8;25;12;5;0.29;11.25;35.125;No;7;No;16;6.542.857.143;3.28;0.6;0.4;1.466.666.667;0.133333333;8;0.4;27;54;9;21;78;5.2;1.5;0.7;1.67;A;7;MAY
127;7;MAY;J;0;No;07/05/2015;V;28.2;11.1;23;11;6;0.35;20.125;5.458.333.333;No;11;No;2.641.666.667;5.807.142.857;3.916.666.667;0.75;0.633333333;1.506.666.667;0.14;10;0.5;49;76;13;40;79;7.4;2.1;1.2;1.69;A;2;MAY
128;8;MAY;V;0;No;08/05/2015;V;24.7;12.9;24;12;5.1;0.27;6.958.333.333;24.5;No;8.166.666.667;No;2.258.333.333;7.092.857.143;1.966.666.667;0.45;0.3;1.433.333.333;0.096666667;9;0.5;29;49;10;37;83;3.8;1.2;0.6;1.63;A;6;MAY
129;9;MAY;S;0;No;09/05/2015;V;28.2;13;19;10;5.2;0.33;1.566.666.667;4.341.666.667;No;1.033.333.333;No;1.983.333.333;6.335.714.286;2.5;0.566666667;0.4;1.523.333.333;0.143333333;9;0.4;42;65;13;28;78;4.9;1.6;0.7;1.7;A;5;MAY
130;10;MAY;D;0;No;10/05/2015;V;31.5;16.4;28;12;5.3;0.32;1.333.333.333;39.75;No;13;No;2.558.333.333;71;2.533.333.333;0.633333333;0.4;1.52;0.153333333;10;0.5;39;71;16;35;88;5.3;1.6;1;1.66;A;1;MAY
131;11;MAY;L;0;No;11/05/2015;V;32.4;17.5;22;11;5.7;0.36;1.608.695.652;4.826.086.957;No;13.2;No;3.218.181.818;7.035.714.286;3.133.333.333;0.633333333;0.45;1.536.666.667;0.163333333;10;0.5;50;78;18;43;86;6.3;1.8;0.8;1.69;A;3;MAY
132;12;MAY;M;0;No;12/05/2015;V;33.6;17.5;24;11;5.7;0.35;1.343.478.261;5.339.130.435;No;15;No;3.645.454.545;7.414.285.714;3.95;0.733333333;0.616666667;1.576.666.667;0.17;10;0.5;42;78;16;45;93;6.3;2;1;1.74;A;4;MAY
133;13;MAY;X;0;No;13/05/2015;V;35.8;19.9;34;17;5.9;0.4;2.495.833.333;6.470.833.333;No;23.6;Si;5.818.181.818;4.485.714.286;5.1;0.933333333;0.783333333;1.58;0.196666667;11;0.6;53;97;27;71;71;8;2.6;1.3;1.73;V;7;MAY
134;14;MAY;J;0;No;14/05/2015;V;32.9;18.5;45;20;5.1;0.29;11.625;3.920.833.333;No;17;No;47.25;7.092.857.143;2.933.333.333;0.533333333;0.4;1.546.666.667;0.17;9;0.5;41;66;20;53;89;5.3;1.6;0.7;1.85;A;2;MAY
135;15;MAY;V;0;No;15/05/2015;V;23.2;11.9;48;24;5;0.22;2.541.666.667;1.258.333.333;No;4.833.333.333;No;2.083.333.333;8.564.285.714;0.816666667;0.316666667;0.133333333;1.41;0.136666667;9;0.3;9;29;6;36;95;1.4;0.7;0.3;1.54;A;6;MAY
136;16;MAY;S;0;No;16/05/2015;V;28;10.7;44;17;4.9;0.22;2.958.333.333;14.25;No;3.5;No;12.75;7.964.285.714;0.666666667;0.2;0.116666667;1.413.333.333;0.143333333;8;0.3;12;36;5;43;91;1.1;0.5;0.2;1.54;A;5;MAY
137;17;MAY;D;0;No;17/05/2015;V;30.3;13.8;36;15;5.1;0.23;6.583.333.333;21.5;No;5.333.333.333;No;1.466.666.667;7.685.714.286;0.95;0.3;0.166666667;1.41;0.153333333;9;0.3;32;45;7;27;90;1.6;0.5;0.3;1.54;A;1;MAY
138;18;MAY;L;0;No;18/05/2015;V;31.9;16.6;28;14;5.4;0.26;8.708.333.333;3.254.166.667;No;9;No;1.983.333.333;7.721.428.571;2.083.333.333;0.45;0.266666667;1.46;0.173333333;10;0.4;20;57;12;28;93;4.1;1.2;0.5;1.63;A;3;MAY
139;19;MAY;M;0;No;19/05/2015;V;23.5;12.4;49;24;5.2;0.23;5.391.304.348;2.334.782.609;No;6.2;No;2.190.909.091;6.364.285.714;1.833.333.333;0.283333333;0.283333333;1.433.333.333;0.16;9;0.4;17;42;7;29;74;3.7;0.9;0.5;1.59;V;4;MAY
140;20;MAY;X;0;No;20/05/2015;V;21.8;7.6;44;18;5.1;0.24;5.041.666.667;1.833.333.333;No;4.666.666.667;No;1.191.666.667;7.914.285.714;2.06;0.34;0.26;1.43;0.17;9;0.4;19;39;6;20;90;4.2;0.7;0.4;1.55;A;7;MAY
141;21;MAY;J;0;No;21/05/2015;V;22.5;8.5;44;21;5.2;0.22;4.583.333.333;1.691.666.667;No;4.333.333.333;No;1.116.666.667;8.357.142.857;1.25;0.266666667;0.166666667;1.42;0.156666667;9;0.3;18;38;6;15;93;2.4;0.7;0.3;1.55;A;2;MAY
142;22;MAY;V;0;No;22/05/2015;V;22.7;7.8;45;20;5.1;0.23;4.375;1.729.166.667;No;5;No;1.266.666.667;8.357.142.857;0.966666667;0.2;0.15;1.426.666.667;0.173333333;9;0.4;18;42;7;17;93;1.9;0.4;0.3;1.56;A;6;MAY
143;23;MAY;S;0;No;23/05/2015;V;24;9.7;49;22;5.1;0.21;2.708.333.333;1.133.333.333;No;6.166.666.667;No;1.433.333.333;8.564.285.714;0.65;0.2;0.133333333;1.413.333.333;0.166666667;9;0.3;10;30;8;19;93;1.3;0.4;0.2;1.55;A;5;MAY
144;24;MAY;D;0;No;24/05/2015;V;24.7;11.4;46;21;5.1;0.19;2.333.333.333;1.079.166.667;No;5.333.333.333;No;1.233.333.333;79.5;0.483333333;0.166666667;0.1;1.403.333.333;0.16;9;0.3;9;28;6;17;90;0.9;0.3;0.1;1.54;A;1;MAY
145;25;MAY;L;0;No;25/05/2015;V;26;13.7;34;15;5.1;0.23;5.666.666.667;2.045.833.333;No;6.666.666.667;No;13.5;7.414.285.714;1.466.666.667;0.283333333;0.166666667;1.42;0.163333333;9;0.3;17;43;7;16;86;3.6;0.8;0.3;1.55;A;3;MAY
146;26;MAY;M;0;No;26/05/2015;V;28.1;12.6;35;16;5.2;0.22;5.791.666.667;2.004.166.667;No;6.166.666.667;No;1.266.666.667;7.157.142.857;1.58;0.34;0.24;1.41;0.176666667;9;0.3;20;41;7;15;82;2.5;0.8;0.4;1.54;A;4;MAY
147;27;MAY;X;0;No;27/05/2015;V;29.5;13.4;42;22;5.1;0.24;5.083.333.333;2.370.833.333;No;5.833.333.333;No;1.266.666.667;7.485.714.286;1.5;0.283333333;0.2;1.426.666.667;0.193333333;9;0.4;21;49;7;17;89;2.4;0.6;0.4;1.56;A;7;MAY
148;28;MAY;J;0;No;28/05/2015;V;31.5;16.5;32;14;5.4;0.28;9.041.666.667;3.891.666.667;No;11.5;No;2.416.666.667;8.221.428.571;2.783.333.333;0.5;0.433333333;1.473.333.333;0.213333333;11;0.4;31;63;14;31;98;4.4;1.5;0.8;1.64;A;2;MAY
149;29;MAY;V;0;No;29/05/2015;V;30.4;17.8;42;19;5.6;0.29;8.375;3.883.333.333;No;10.5;No;2.766.666.667;7.507.142.857;3.983.333.333;0.5;0.433333333;1.483.333.333;0.206666667;12;0.5;23;67;13;38;93;5.9;1.5;0.6;1.63;A;6;MAY
150;30;MAY;S;0;No;30/05/2015;V;30;15.2;31;15;5.4;0.25;5.833.333.333;3.133.333.333;No;1.083.333.333;No;17.5;7.664.285.714;2.35;0.416666667;0.283333333;1.466.666.667;0.183333333;11;0.4;20;53;13;24;94;5.1;1.4;0.5;1.62;A;5;MAY
151;31;MAY;D;0;No;31/05/2015;V;31.1;16.4;30;13;5.3;0.23;3.791.666.667;23.125;No;9;No;16.75;8.028.571.429;1.316.666.667;0.316666667;0.2;1.436.666.667;0.19;11;0.3;13;46;12;23;93;2.6;0.8;0.3;1.6;A;1;MAY
152;1;JUN;L;0;No;01/06/2015;V;31.8;17.6;32;13;5.4;0.28;7.958.333.333;3.283.333.333;No;11;No;2.466.666.667;7.257.142.857;2.783.333.333;0.433333333;0.416666667;1.463.333.333;0.2;11;0.4;21;54;14;36;87;5.3;1.2;1.1;1.63;A;3;JUN
153;2;JUN;M;0;No;02/06/2015;V;32.9;18.5;27;11;5.4;0.27;8.458.333.333;3.558.333.333;No;12;No;25.75;7.435.714.286;2.983.333.333;0.483333333;0.35;1.45;0.19;11;0.4;26;59;14;31;89;5.3;1.4;0.6;1.58;A;4;JUN
154;3;JUN;X;0;No;03/06/2015;V;34;20.1;33;17;5.7;0.26;6.291.666.667;3.270.833.333;No;1.266.666.667;No;2.966.666.667;84.5;3;0.45;0.4;1.476.666.667;0.19;11;0.4;18;59;15;37;98;4.9;1.4;0.9;1.59;A;7;JUN
155;4;JUN;J;0;No;04/06/2015;V;32.3;19.2;29;14;5.3;0.2;2.416.666.667;1.754.166.667;No;7.833.333.333;No;17;9.385.714.286;1.983.333.333;0.25;0.2;1.486.666.667;0.23;11;0.3;8;36;9;25;103;3.8;0.7;0.4;1.62;R;2;JUN
156;5;JUN;V;0;No;05/06/2015;V;32.5;18.4;29;12;6.1;0.25;5.375;29.25;No;10.5;No;2.416.666.667;8.771.428.571;1.916.666.667;0.366666667;0.2;1.473.333.333;0.21;12;0.4;21;57;12;31;100;4;1.2;0.4;1.6;R;6;JUN
157;6;JUN;S;0;No;06/06/2015;V;34.1;19.5;31;14;5.6;0.23;3.875;24.5;No;11.5;No;2.683.333.333;9.592.857.143;1.65;0.35;0.183333333;1.466.666.667;0.206666667;11;0.3;23;58;14;34;107;3;0.9;0.3;1.6;R;5;JUN
158;7;JUN;D;0;No;07/06/2015;V;34.1;21.2;34;18;5.3;0.21;2.458.333.333;1.891.666.667;No;9.5;No;2.108.333.333;1.033.571.429;0.916666667;0.216666667;0.133333333;1.436.666.667;0.203333333;11;0.3;8;43;11;27;119;1.7;0.5;0.2;1.58;R;1;JUN
159;8;JUN;L;0;No;08/06/2015;V;33.3;19.7;25;10;5.4;0.25;5.833.333.333;32.875;No;9.833.333.333;No;2.216.666.667;9.964.285.714;2.05;0.433333333;0.233333333;1.453.333.333;0.196666667;11;0.4;20;65;13;34;114;4.4;1.3;0.5;1.59;R;3;JUN
160;9;JUN;M;0.2;Si;09/06/2015;V;32.6;19;45;20;5.3;0.23;4.583.333.333;27.875;No;11.5;No;3.308.333.333;9.714.285.714;2;0.333333333;0.2;1.443.333.333;0.196666667;11;0.4;13;53;14;49;119;3.4;1;0.4;1.57;R;4;JUN
161;10;JUN;X;3.1;Si;10/06/2015;V;27.7;16.9;35;16;5.3;0.27;6.5;3.491.666.667;No;1.466.666.667;No;2.416.666.667;6.514.285.714;2.516.666.667;0.516666667;0.333333333;1.52;0.186666667;11;0.4;22;60;19;32;75;5.2;1.8;0.8;1.64;A;7;JUN
162;11;JUN;J;25.8;Si;11/06/2015;V;22.6;15.1;39;16;5.3;0.25;8.666.666.667;3.295.833.333;No;12.6;No;2.227.272.727;5.478.571.429;2.26;0.52;0.3;1.453.333.333;0.19;11;0.4;26;55;16;30;74;5.1;1.6;0.8;1.57;V;2;JUN
163;12;JUN;V;0;No;12/06/2015;V;23;14.5;42;18;5.1;0.2;6.791.666.667;2.470.833.333;No;9.4;No;1.790.909.091;6.121.428.571;1.84;0.36;0.18;1.49;0.206666667;11;0.4;30;57;11;23;71;3.6;0.9;0.4;1.74;V;6;JUN
164;13;JUN;S;0;No;13/06/2015;V;22.3;15.5;41;20;4.9;0.222222222;4.458.333.333;25.375;No;8.6;No;1.781.818.182;7.235.714.286;1.38;0.32;0.18;1.55;0.24;11;0.4;18;56;10;23;83;3;0.8;0.4;1.82;A;5;JUN
165;14;JUN;D;0;No;14/06/2015;V;22.4;12.8;42;19;4.7;0.18;2.708.333.333;1.241.666.667;No;4.8;No;1.127.272.727;8.264.285.714;0.54;0.16;0.1;1.4;0.19;11;0.3;12;46;7;18;87;1.2;0.3;0.1;1.53;A;1;JUN
166;15;JUN;L;4.5;Si;15/06/2015;V;20.6;11.6;30;17;5.1;0.21;5.333.333.333;2.491.666.667;No;4.6;No;1.072.727.273;7.757.142.857;1.36;0.38;0.16;1.45;0.196666667;11;0.3;17;41;5;18;87;3.8;1.2;0.4;1.63;A;3;JUN
167;16;JUN;M;0.1;Si;16/06/2015;V;25.5;12.8;24;12;5.1;0.25;7.208.333.333;27;No;6.4;No;1.081.818.182;6.492.857.143;1.75;0.4;0.25;1.433.333.333;0.19;11;0.4;19;48;8;14;75;3.6;1.1;0.5;1.56;A;4;JUN
168;17;JUN;X;0;No;17/06/2015;V;27.1;14.8;36;19;5.1;0.22;4.875;2.191.666.667;No;7.2;No;14;7.142.857.143;1.883.333.333;0.266666667;0.16;1.55;0.306666667;11;0.3;18;47;8;18;80;3.7;0.5;0.3;1.88;A;7;JUN
169;18;JUN;J;0;No;18/06/2015;V;30.2;14.8;41;19;5.2;0.27;7.041.666.667;2.816.666.667;No;9.8;No;1.709.090.909;8.871.428.571;1.833.333.333;0.383333333;0.3;1.466.666.667;0.246666667;11;0.4;31;59;12;22;104;3.1;0.9;0.6;1.62;R;2;JUN
170;19;JUN;V;0;No;19/06/2015;V;32.7;18.2;42;17;5.1;0.23;5.375;2.533.333.333;No;9.8;No;1.581.818.182;7.592.857.143;1.883.333.333;0.3;0.233333333;1.423.333.333;0.22;11;0.4;19;50;12;19;85;3;0.7;0.4;1.54;A;6;JUN
171;20;JUN;S;0;No;20/06/2015;V;33.8;17.6;37;17;5.1;0.25;6.541.666.667;25.125;No;6.8;No;1.181.818.182;86.5;1.366.666.667;0.3;0.2;1.43;0.243333333;11;0.4;32;54;8;15;96;2.3;0.6;0.3;1.54;A;5;JUN
172;21;JUN;D;0;No;21/06/2015;V;35.3;20.4;30;13;5;0.24;3.625;2.620.833.333;No;11.6;No;2.009.090.909;9.114.285.714;1.3;0.333333333;0.183333333;1.45;0.223333333;11;0.4;15;51;13;24;102;2.8;0.9;0.3;1.59;R;1;JUN
173;22;JUN;L;0.1;Si;22/06/2015;V;34.4;22.5;35;17;5.4;0.28;1.058.333.333;3.979.166.667;No;16.4;No;3.027.272.727;8.578.571.429;2.866.666.667;0.583333333;0.366666667;1.48;0.226666667;13;0.5;22;76;19;36;105;6.2;2;0.9;1.62;R;3;JUN
174;23;JUN;M;11.1;Si;23/06/2015;V;32;18.6;40;20;5.2;0.24;6.458.333.333;3.233.333.333;No;13.4;No;2.472.727.273;8.071.428.571;2.32;0.52;0.32;1.56;0.29;12;0.4;15;56;15;30;95;4.6;1.3;0.6;1.58;A;4;JUN
175;24;JUN;X;0;No;24/06/2015;V;30.6;17.7;26;12;5.1;0.255555556;5.625;2.916.666.667;No;9.2;No;1.636.363.636;8.792.857.143;2.216.666.667;0.416666667;0.45;1.436.666.667;0.223333333;12;0.4;15;47;11;19;96;4.6;1.1;1.2;1.56;A;7;JUN
176;25;JUN;J;0;No;25/06/2015;V;33.1;19.5;23;10;5;0.27;7.083.333.333;3.683.333.333;No;12.4;No;2.236.363.636;8.571.428.571;2.55;0.533333333;0.383333333;1.463.333.333;0.243333333;12;0.4;27;62;14;28;96;6.1;1.7;1;1.61;A;2;JUN
177;26;JUN;V;0;No;26/06/2015;V;35.4;19.9;30;12;5.5;0.33;1.304.166.667;54.875;No;16.6;No;3.027.272.727;7.064.285.714;4.183.333.333;0.75;0.65;1.563.333.333;0.3;13;0.6;33;86;20;38;85;7.4;2.3;1.5;1.72;A;6;JUN
178;27;JUN;S;0;No;27/06/2015;A;37.6;21.2;28;11;5.2;0.28;6.291.666.667;4.045.833.333;No;17.8;No;2.909.090.909;90.5;3.05;0.5;0.316666667;1.5;0.26;13;0.5;18;69;21;34;106;4.1;1.3;0.5;1.64;R;5;JUN
179;28;JUN;D;0;No;28/06/2015;N;39.1;22.3;34;12;5.1;0.27;6.083.333.333;3.920.833.333;No;17;No;2.672.727.273;8.985.714.286;1.933.333.333;0.466666667;0.316666667;1.496.666.667;0.273333333;13;0.4;21;63;19;31;109;4.1;1.3;0.5;1.67;R;1;JUN
180;29;JUN;L;0;No;29/06/2015;N;39.3;24.9;30;12;5.4;0.3;1.066.666.667;4.733.333.333;No;19;No;3.445.454.545;9.228.571.429;2.733.333.333;0.616666667;0.366666667;1.523.333.333;0.306666667;13;0.5;35;77;22;40;108;5.3;1.9;0.6;1.71;R;3;JUN
181;30;JUN;M;0;No;30/06/2015;A;38.4;24.6;39;17;5.5;0.29;8.375;41.125;No;18.8;No;4.554.545.455;8.407.142.857;3.48;0.583333333;0.4;1.703.333.333;0.413333333;13;0.5;24;68;20;53;100;6.1;2;1;2.05;R;4;JUN
182;1;JUL;X;0;No;01/07/2015;A;36.7;23.1;31;15;5.4;0.24;7.458.333.333;36.125;No;14.8;No;3.654.545.455;8.807.142.857;2.58;0.566666667;0.333333333;1.603.333.333;0.33;13;0.4;22;62;17;47;99;5.9;1.9;0.6;1.85;A;7;JUL
183;2;JUL;J;0;No;02/07/2015;V;33.4;22.5;24;10;4.8;0.21;7.375;3.133.333.333;No;8.8;No;2.490.909.091;7.371.428.571;1.76;0.55;0.283333333;1.523.333.333;0.273333333;12;0.4;28;54;12;38;85;5;1.9;0.6;1.84;A;2;JUL
184;3;JUL;V;0;No;03/07/2015;A;37;22.8;40;19;5;0.24;4.791.666.667;27.25;No;15.8;No;4.345.454.545;8.578.571.429;2;0.533333333;0.216666667;1.48;0.246666667;13;0.4;18;53;18;56;100;5.3;2;0.5;1.63;R;6;JUL
185;4;JUL;S;0;No;04/07/2015;A;37;23.4;33;18;4.9;0.24;3.708.333.333;23.625;No;13.8;No;3.618.181.818;8.821.428.571;1.475;0.4;0.16;1.49;0.256666667;12;0.4;13;49;16;44;96;3.5;1.3;0.3;1.62;A;5;JUL
186;5;JUL;D;0;No;05/07/2015;A;37.1;23.5;30;13;5.2;0.27;6;35.25;No;16.4;No;3.845.454.545;75;1.75;0.54;0.22;1.623.333.333;0.31;12;0.4;23;56;18;45;91;3.8;1.5;0.4;1.81;A;1;JUL
187;6;JUL;L;0;No;06/07/2015;N;39.9;23.8;37;17;5.2;0.3;1.345.833.333;5.158.333.333;No;20.4;Si;5.309.090.909;5.442.857.143;3.075;0.74;0.32;1.58;0.336666667;12;0.5;38;84;23;64;73;6.4;2.3;0.7;1.76;V;3;JUL
188;7;JUL;M;0;No;07/07/2015;A;38.5;23.4;43;21;5.2;0.29;1.795.652.174;4.891.304.348;No;19;Si;5.290.909.091;5.764.285.714;2.725;0.38;0.32;1.636.666.667;0.296666667;11;0.5;48;87;22;66;77;3.3;0.6;0.6;1.85;A;4;JUL
189;8;JUL;X;0;No;08/07/2015;A;38.6;24.3;39;18;5;0.27;1.083.333.333;4.558.333.333;No;14.2;No;3.454.545.455;6.857.142.857;2.66;0.6;0.233333333;1.523.333.333;0.303333333;11;0.4;29;82;15;45;84;5.5;2;0.5;1.72;A;7;JUL
190;9;JUL;J;0;No;09/07/2015;N;39.2;22.4;35;18;4.9;0.26;6.291.666.667;3.404.166.667;No;12;No;2.972.727.273;8.742.857.143;2.783.333.333;0.433333333;0.15;1.47;0.31;11;0.4;30;63;13;35;105;8;1.4;0.3;1.61;R;2;JUL
191;10;JUL;V;0;No;10/07/2015;A;37.4;22.7;40;19;4.9;0.3;1.195.833.333;4.504.166.667;No;14.2;No;3.118.181.818;7.771.428.571;3.816.666.667;0.616666667;0.283333333;1.576.666.667;0.39;11;0.6;42;88;16;37;92;7.4;1.6;0.4;1.74;A;6;JUL
192;11;JUL;S;0;No;11/07/2015;A;37.8;22.7;24;12;4.8;0.26;4.125;30.625;No;12.4;No;2.727.272.727;1.043.571.429;2.433.333.333;0.433333333;0.183333333;1.516.666.667;0.323333333;10;0.4;11;55;15;34;119;7.7;1.3;0.4;1.74;R;5;JUL
193;12;JUL;D;0;No;12/07/2015;A;37.9;23.6;28;13;4.6;0.22;2.958.333.333;2.454.166.667;No;12.4;No;2.590.909.091;9.985.714.286;2.116.666.667;0.35;0.15;1.48;0.26;10;0.3;11;49;14;30;111;7.8;0.9;0.3;1.66;R;1;JUL
194;13;JUL;L;0;No;13/07/2015;N;39;24;31;17;5;0.27;5.5;3.895.833.333;No;14;No;2.927.272.727;1.060.714.286;2.916.666.667;0.616666667;0.283333333;1.503.333.333;0.27;11;0.4;32;77;16;37;127;8.9;1.4;0.9;1.7;R;3;JUL
195;14;JUL;M;0;No;14/07/2015;N;39.4;24.7;33;16;5.2;0.28;8.333.333.333;4.433.333.333;No;14.4;No;3.218.181.818;1.016.428.571;3.383.333.333;0.7;0.25;1.523.333.333;0.32;11;0.4;31;75;16;39;124;9.3;1.7;0.5;1.7;R;4;JUL
196;15;JUL;X;0;No;15/07/2015;N;39.6;24.9;26;13;4.9;0.28;5.958.333.333;4.454.166.667;No;16;No;36.1;1.083.571.429;3.683.333.333;0.733333333;0.333333333;1.55;0.33;10;0.4;19;77;17;46;134;8.6;1.9;0.7;1.77;R;7;JUL
197;16;JUL;J;0;No;16/07/2015;A;38.6;24.7;35;15;4.222.222.222;0.311111111;8.565.217.391;5.126.086.957;No;21.75;Si;55.4;7.869.230.769;4.04;0.9;0.5;1.52;0.37;7;0.4;27;76;24;67;98;7.2;2.3;1.2;1.76;A;2;JUL
198;17;JUL;V;0;No;17/07/2015;A;36.4;26;28;13;4.7;0.28;4.958.333.333;3.554.166.667;No;16.25;No;41.7;9.578.571.429;2.966.666.667;0.616666667;0.216666667;1.506.666.667;0.263333333;11;0.4;14;59;17;51;110;7;1.5;0.4;1.66;R;6;JUL
199;18;JUL;S;0;No;18/07/2015;V;33.2;23.3;40;18;4.3;0.2;2.739.130.435;1.982.608.696;No;10.4;No;2.609.090.909;9.628.571.429;1.716.666.667;0.383333333;0.133333333;1.476.666.667;0.213333333;10;0.3;9;41;12;32;106;5;1;0.2;1.62;R;5;JUL
200;19;JUL;D;0;No;19/07/2015;V;34.8;23;30;13;4.3;0.2;3.458.333.333;1.970.833.333;No;7.4;No;1.572.727.273;6.385.714.286;1.566.666.667;0.366666667;0.116666667;1.51;0.253333333;11;0.3;13;41;8;23;73;5;0.9;0.2;1.79;V;1;JUL
201;20;JUL;L;0;No;20/07/2015;A;36.9;23.6;23;10;4.111.111.111;0.233333333;8.826.086.957;3.108.695.652;No;9.2;No;1.781.818.182;6.615.384.615;2.38;0.52;0.18;1.435;0.265;7;0.3;22;49;10;24;74;4.4;1.3;0.3;1.66;V;3;JUL
202;21;JUL;M;0;No;21/07/2015;A;37.3;23.3;39;15;3.777.777.778;0.222222222;1.052.173.913;3.269.565.217;No;10.6;No;2.181.818.182;6.069.230.769;2.2;0.54;0.24;1.465;0.24;7;0.3;29;47;12;26;70;6.1;1.6;0.4;1.69;V;4;JUL
203;22;JUL;X;4.9;Si;22/07/2015;V;33.9;22.1;42;17;3.777.777.778;0.233333333;5.347.826.087;2.830.434.783;No;10.6;No;2.163.636.364;7.083.333.333;1.88;0.42;0.16;1.395;0.23;7;0.3;19;57;12;26;90;4.4;1.4;0.3;1.59;A;7;JUL
204;23;JUL;J;0.1;Si;23/07/2015;A;36.7;21.9;35;18;4;0.233333333;6.217.391.304;30;No;9.8;No;1.736.363.636;6.958.333.333;1.7;0.525;0.25;1.4;0.225;8;0.3;19;52;10;22;82;4.3;1.5;0.4;1.59;A;2;JUL
205;24;JUL;V;0;No;24/07/2015;V;34.8;22.3;35;15;5.1;0.31;1.191.666.667;4.041.666.667;No;1.183.333.333;No;22.5;6.292.857.143;2.76;0.88;0.28;1.375;0.135;12;0.6;29;69;15;28;73;6.9;2.3;0.6;1.54;V;6;JUL
206;25;JUL;S;0;No;25/07/2015;V;33.8;20.4;32;15;5;0.2125;2.791.666.667;17.25;No;7.8;No;1.336.363.636;8.578.571.429;0.85;0.266666667;0.133333333;1.446.666.667;0.183333333;11;0.3;10;39;9;16;94;2.6;0.8;0.2;1.67;A;5;JUL
207;26;JUL;D;0.1;Si;26/07/2015;A;36.3;22.5;33;18;5.1;0.222222222;3.25;1.866.666.667;No;10.6;No;2.063.636.364;8.242.857.143;0.86;0.26;0.1;1.335;0.085;11;0.3;9;34;11;24;91;2.1;0.8;0.1;1.46;A;1;JUL
208;27;JUL;L;0;No;27/07/2015;A;37.7;23.5;35;13;5.1;0.211111111;7.833.333.333;27;No;8.2;No;1.690.909.091;6.014.285.714;1.92;0.52;0.18;1.315;0.095;12;0.4;29;48;9;20;69;6.5;1.6;0.5;1.45;V;3;JUL
209;28;JUL;M;0;No;28/07/2015;A;37.8;23.4;33;14;5.5;0.26;7.434.782.609;3.465.217.391;No;9.833.333.333;No;2.241.666.667;6.828.571.429;2.48;0.58;0.16;1.493.333.333;0.213333333;12;0.4;18;60;12;33;76;5.8;1.9;0.4;1.76;A;4;JUL
210;29;JUL;X;0;No;29/07/2015;A;37.2;23;43;18;5.4;0.23;8;3.170.833.333;No;8.333.333.333;No;1.858.333.333;6.321.428.571;2.45;0.616666667;0.233333333;1.473.333.333;0.223333333;12;0.4;23;59;11;27;73;6.3;1.6;0.6;1.75;V;7;JUL
211;30;JUL;J;0;No;30/07/2015;V;34.9;22.3;41;17;5.3;0.22;5.833.333.333;2.466.666.667;No;8.333.333.333;No;1.966.666.667;5.792.857.143;2.3;0.44;0.18;1.46;0.12;12;0.4;20;46;10;27;65;6.5;1.2;0.4;1.46;V;2;JUL
212;31;JUL;V;0;No;31/07/2015;V;31;21.1;43;19;5.3;0.2;8;2.420.833.333;No;6.333.333.333;No;1.691.666.667;4.864.285.714;2.2;0.516666667;0.2;1.47;0.216666667;12;0.4;23;42;8;25;64;5.8;1.3;0.4;1.71;V;6;JUL
213;1;AGO;S;0;No;01/08/2015;V;32.3;17.9;35;18;5.2;0.19;2.541.666.667;1.666.666.667;No;5.666.666.667;No;9.25;91;0.866666667;0.25;0.116666667;1.443.333.333;0.203333333;12;0.3;10;39;7;13;102;2.9;0.6;0.2;1.63;R;5;AGO
214;2;AGO;D;0;No;02/08/2015;V;34.6;21.2;26;11;5.4;0.26;6.291.666.667;2.479.166.667;No;1.033.333.333;No;22;8.007.142.857;1.183.333.333;0.416666667;0.15;1.466.666.667;0.223333333;12;0.4;26;45;13;31;103;2.9;0.9;0.3;1.67;R;1;AGO
215;3;AGO;L;0;No;03/08/2015;A;36;23.8;32;14;5.3;0.27;8.208.333.333;3.779.166.667;No;1.516.666.667;No;3.933.333.333;6.585.714.286;2.45;0.55;0.25;1.58;0.27;12;0.4;22;64;17;51;84;4.4;1.3;0.6;1.82;A;3;AGO
216;4;AGO;M;0;No;04/08/2015;V;34.9;22.2;33;13;5.1;0.23;5.75;2.666.666.667;No;12.2;No;2.727.272.727;8.428.571.429;1.85;0.516666667;0.166666667;1.466.666.667;0.276666667;11;0.4;25;50;13;36;96;5.2;1.2;0.3;1.73;A;4;AGO
217;5;AGO;X;0;No;05/08/2015;V;35.5;21.6;36;18;5.7;0.28;8.041.666.667;3.929.166.667;No;1.233.333.333;No;26.25;7.228.571.429;2.7;0.616666667;0.3;1.563.333.333;0.316666667;12;0.4;30;64;13;33;85;5.9;1.7;0.8;1.83;A;7;AGO
218;6;AGO;J;0;No;06/08/2015;A;37.6;20.2;35;17;5.8;0.3;13.625;4.808.333.333;No;1.116.666.667;No;2.516.666.667;6.228.571.429;3.45;0.583333333;0.283333333;1.576.666.667;0.34;12;0.5;46;73;14;31;80;6.8;1.6;0.6;1.8;A;2;AGO
219;7;AGO;V;0;No;07/08/2015;V;35.6;21.1;40;19;5.4;0.3;1.208.695.652;4.069.565.217;No;20.4;Si;69;6.078.571.429;2.866.666.667;0.616666667;0.316666667;1.626.666.667;0.27;12;0.6;47;66;23;95;75;5.4;1.4;0.6;1.96;A;6;AGO
220;8;AGO;S;0;No;08/08/2015;V;34.2;23.7;46;19;5.6;0.3;2.782.608.696;21;Si;28.8;Si;66;8.092.857.143;1.283.333.333;0.55;0.2;1.553.333.333;0.106666667;12;0.4;13;46;31;86;100;3.7;1.5;0.6;1.78;R;5;AGO
221;9;AGO;D;0;No;09/08/2015;V;33.5;16.7;42;19;5.5;0.21;2.826.086.957;16;No;7.8;No;1.490.909.091;8.321.428.571;0.65;0.3;0.116666667;1.43;0.076666667;12;0.3;19;39;11;19;93;1.7;0.7;0.2;1.59;A;1;AGO
222;10;AGO;L;0;No;10/08/2015;A;36.9;19.8;33;15;5.5;0.26;5.875;2.858.333.333;No;11.5;No;2.858.333.333;73.5;1.55;0.483333333;0.2;1.473.333.333;0.156666667;12;0.4;19;48;12;36;87;3.7;1.1;0.4;1.68;A;3;AGO
223;11;AGO;M;0;No;11/08/2015;V;34.5;22.7;39;15;5.6;0.27;7.375;3.104.166.667;No;1.933.333.333;Si;5.308.333.333;65;2.583.333.333;0.466666667;0.2;1.536.666.667;0.23;12;0.4;31;53;20;65;78;5.5;1.1;0.3;1.75;A;4;AGO
224;12;AGO;X;0;No;12/08/2015;V;33.3;20.1;27;13;5.4;0.233333333;8.086.956.522;302.173.913;No;10;No;28.25;6.778.571.429;2.016.666.667;0.4;0.216666667;1.553.333.333;0.246666667;11;0.4;25;54;13;42;80;4.4;1;0.5;1.88;A;7;AGO
225;13;AGO;J;0;No;13/08/2015;V;27.8;18;40;20;5.1;0.2;3.217.391.304;1.343.478.261;No;4.166.666.667;No;13.75;6.835.714.286;1.033.333.333;0.3;0.133333333;1.446.666.667;0.19;11;0.3;9;31;6;18;80;3.2;0.7;0.2;1.66;A;2;AGO
226;14;AGO;V;0;No;14/08/2015;V;27.1;16.1;27;12;5.2;0.22;4.083.333.333;1.804.166.667;No;4.333.333.333;No;11.5;6.785.714.286;1.183.333.333;0.333333333;0.183333333;1.503.333.333;0.2;11;0.4;14;32;6;16;73;3.4;0.9;0.4;1.77;V;6;AGO
227;15;AGO;S;0;No;15/08/2015;V;28.5;18.9;46;11;5.3;0.2;2.375;1.279.166.667;No;4.5;No;1.083.333.333;7.292.857.143;0.55;0.216666667;0.133333333;1.456.666.667;0.203333333;11;0.3;8;28;5;14;81;1.4;0.6;0.2;1.67;A;5;AGO
228;16;AGO;D;0;No;16/08/2015;V;30;18.1;27;11;5.2;0.2;2.625;13;No;5.5;No;12.75;66.5;0.65;0.25;0.15;1.463.333.333;0.21;11;0.3;8;26;6;17;76;1.7;0.7;0.3;1.69;A;1;AGO
229;17;AGO;L;0;No;17/08/2015;V;32;20.9;36;18;5.4;0.2;4.833.333.333;1.966.666.667;No;7;No;1.483.333.333;5.721.428.571;1.166.666.667;0.35;0.15;1.46;0.206666667;12;0.3;12;35;8;19;63;3.3;0.8;0.3;1.71;V;3;AGO
230;18;AGO;M;0;No;18/08/2015;V;32.3;19.2;38;17;5.7;0.21;3.75;1.720.833.333;No;7.333.333.333;No;1.691.666.667;7.414.285.714;1.183.333.333;0.316666667;0.166666667;1.46;0.206666667;12;0.3;12;34;9;19;86;3;0.8;0.4;1.67;A;4;AGO
231;19;AGO;X;0;No;19/08/2015;V;32.6;19.1;33;15;5.7;0.25;6.083.333.333;2.558.333.333;No;8.666.666.667;No;2.216.666.667;7.892.857.143;1.4;0.416666667;0.183333333;1.49;0.223333333;12;0.3;26;50;10;26;99;3.5;1.2;0.3;1.71;A;7;AGO
232;20;AGO;J;0;No;20/08/2015;V;34.6;21.1;26;10;5.8;0.28;9.833.333.333;3.491.666.667;No;10.5;No;2.516.666.667;7.214.285.714;2.316.666.667;0.516666667;0.266666667;1.526.666.667;0.23;12;0.4;43;63;12;32;93;5.3;1.5;0.4;1.78;A;2;AGO
233;21;AGO;V;0;No;21/08/2015;V;33.6;23.1;48;23;5.8;0.26;8.625;3.329.166.667;No;1.216.666.667;No;3.591.666.667;6.457.142.857;2.8;0.533333333;0.35;1.546.666.667;0.21;13;0.4;25;52;14;47;84;6;1.6;0.7;1.79;A;6;AGO
234;22;AGO;S;1.1;Si;22/08/2015;V;31.8;18.6;42;17;5.5;0.19;2.75;15.75;No;9.333.333.333;No;20.25;8.357.142.857;1.183.333.333;0.25;0.15;1.45;0.183333333;12;0.3;8;31;11;28;94;2.7;0.6;0.3;1.66;A;5;AGO
235;23;AGO;D;0;No;23/08/2015;V;26;18;47;20;5.6;0.2;2.5;9.583.333.333;No;8.833.333.333;No;1.708.333.333;5.842.857.143;0.5;0.233333333;0.15;1.426.666.667;0.176666667;12;0.3;11;27;11;23;67;1.2;0.5;0.3;1.62;V;1;AGO
236;24;AGO;L;0.2;Si;24/08/2015;V;25.1;14.6;48;20;5.5;0.19;3.833.333.333;1.479.166.667;No;3.833.333.333;No;1.108.333.333;7.257.142.857;0.866666667;0.25;0.183333333;1.443.333.333;0.193333333;11;0.3;19;29;5;20;83;3.3;0.7;0.3;1.63;A;3;AGO
237;25;AGO;M;0;No;25/08/2015;V;29.4;14.8;18;8;6;0.29;11.125;3.758.333.333;No;6.666.666.667;No;17.5;6.278.571.429;2.133.333.333;0.433333333;0.316666667;1.526.666.667;0.24;12;0.4;32;59;8;23;73;5.9;1.4;0.7;1.75;V;4;AGO
238;26;AGO;X;0;No;26/08/2015;V;32.5;19.8;33;14;6.1;0.29;1.104.166.667;39;No;10.5;No;2.591.666.667;6.078.571.429;3.2;0.56;0.46;1.445;0.135;13;0.5;25;62;15;32;72;6.7;1.6;1.1;1.62;V;7;AGO
239;27;AGO;J;0;No;27/08/2015;V;32.3;18.2;41;17;5.9;0.25;1.066.666.667;3.320.833.333;No;7.5;No;19.5;5.478.571.429;2.38;0.433333333;0.333333333;1.583.333.333;0.266666667;12;0.4;44;57;10;27;65;5.4;1.1;1;1.92;V;2;AGO
240;28;AGO;V;0;No;28/08/2015;V;34.7;18.6;24;11;6.8;0.33;20.25;49.125;No;10;No;23.75;5.257.142.857;3.4;0.62;0.48;1.46;0.125;13;0.5;61;74;13;31;67;7.3;1.9;1.4;1.67;V;6;AGO
241;29;AGO;S;0;No;29/08/2015;V;35.4;22.4;34;15;6;0.21;3.291.666.667;2.166.666.667;No;10.8;No;3.145.454.545;7.957.142.857;1.36;0.28;0.18;1.5;0.275;13;0.3;12;42;12;40;91;3.3;0.8;0.4;1.74;A;5;AGO
242;30;AGO;D;3.3;Si;30/08/2015;V;35.5;21.5;75;26;5.7;0.19;2.625;1.466.666.667;No;1.183.333.333;No;3.308.333.333;70.5;1.066.666.667;0.283333333;0.166666667;1.453.333.333;0.163333333;12;0.3;8;28;14;43;78;2.3;0.7;0.3;1.66;A;1;AGO
243;31;AGO;L;0.1;Si;31/08/2015;V;28;19.8;32;15;5.9;0.22;1.020.833.333;3.183.333.333;No;1.316.666.667;No;33.75;4.192.857.143;2.2;0.516666667;0.266666667;1.486.666.667;0.186666667;12;0.4;32;48;15;45;54;4.6;1.5;0.8;1.72;V;3;AGO
244;1;SEP;M;0;No;01/09/2015;V;30.3;18.5;24;12;5.6;0.26;9.25;37.875;No;1.033.333.333;No;1.958.333.333;5.292.857.143;3.216.666.667;0.466666667;0.316666667;1.496.666.667;0.2;12;0.4;43;67;13;26;63;4.9;1.2;0.8;1.71;V;4;SEP
245;2;SEP;X;0;No;02/09/2015;V;30;19.7;30;15;5.6;0.22;6.458.333.333;2.966.666.667;No;11;No;2.233.333.333;65.5;2.05;0.45;0.216666667;1.375;0.095;12;0.4;16;49;14;28;76;4.3;1.2;0.5;1.54;A;7;SEP
246;3;SEP;J;0;No;03/09/2015;V;26.9;17.1;29;13;5.7;0.23;5.916.666.667;2.720.833.333;No;9.5;No;1.991.666.667;8.042.857.143;1.5;0.35;0.183333333;1.37;0.105;12;0.4;25;46;11;27;92;4.2;1.2;0.5;1.53;A;2;SEP
247;4;SEP;V;0.7;Si;04/09/2015;V;26.2;16.5;53;20;5.7;0.23;5.208.333.333;2.191.666.667;No;6.166.666.667;No;1.291.666.667;7.271.428.571;1.72;0.38;0.28;1.476.666.667;0.143333333;12;0.4;14;38;9;18;93;3.8;1.1;0.5;1.68;A;6;SEP
248;5;SEP;S;0;No;05/09/2015;V;26.8;13.5;37;17;5.7;0.22;3.458.333.333;1.979.166.667;No;6.5;No;1.108.333.333;7.185.714.286;0.883333333;0.266666667;0.133333333;1.456.666.667;0.103333333;12;0.3;12;39;9;16;83;2.5;0.6;0.2;1.61;A;5;SEP
249;6;SEP;D;0;No;06/09/2015;V;27.3;17.1;21;10;5.8;0.22;3.541.666.667;2.366.666.667;No;7.333.333.333;No;13.5;7.485.714.286;1.02;0.26;0.12;1.483.333.333;0.113333333;12;0.3;9;41;10;17;85;2.6;0.8;0.2;1.66;A;1;SEP
250;7;SEP;L;0.9;Si;07/09/2015;V;27.8;16.5;24;12;6;0.26;7.75;31.75;No;7.666.666.667;No;1.633.333.333;59;1.9;0.42;0.24;1.52;0.12;12;0.4;23;51;9;21;69;4.6;1.4;0.6;1.72;V;3;SEP
251;8;SEP;M;0.1;Si;08/09/2015;V;28.2;14.4;28;12;6.1;0.29;11.5;38.75;No;9.5;No;15.75;61;2.625;0.7;0.4;1.583.333.333;0.15;12;0.4;27;56;12;23;72;5.3;1.8;0.9;1.74;V;4;SEP
252;9;SEP;X;0;No;09/09/2015;V;28.6;15.9;35;14;6.7;0.31;1.345.833.333;4.745.833.333;No;1.083.333.333;No;2.166.666.667;5.371.428.571;3.34;0.6;0.4;1.543.333.333;0.17;13;0.5;33;68;14;30;67;5.9;1.8;1;1.73;V;7;SEP
253;10;SEP;J;0;No;10/09/2015;V;28.3;17.8;32;13;6.1;0.3;13.5;4.104.166.667;No;8.5;No;19.5;4.628.571.429;3.36;0.76;0.5;1.533.333.333;0.176666667;13;0.5;43;63;12;28;60;6.6;2;1.2;1.73;V;2;SEP
254;11;SEP;V;0;No;11/09/2015;V;30.1;16.8;33;14;6.4;0.35;1.816.666.667;4.695.833.333;No;9;No;1.983.333.333;4.892.857.143;3.433.333.333;0.65;0.433333333;1.573.333.333;0.186666667;13;0.5;46;72;13;29;61;5.8;1.8;0.8;1.73;V;6;SEP
255;12;SEP;S;0;No;12/09/2015;V;27.7;19.6;33;15;6.5;0.3;1.004.166.667;3.995.833.333;No;1.016.666.667;No;2.166.666.667;4.978.571.429;2.933.333.333;0.633333333;0.4;1.7;0.183333333;13;0.4;40;54;13;31;64;5.2;1.7;0.8;1.87;V;5;SEP
256;13;SEP;D;0;No;13/09/2015;V;24.8;17.8;49;23;6;0.2;3;1.308.333.333;No;5.333.333.333;No;16.5;7.969.230.769;0.666666667;0.25;0.166666667;1.45;0.13;12;0.3;12;32;7;23;89;1.6;0.6;0.4;1.61;A;1;SEP
257;14;SEP;L;0.1;Si;14/09/2015;V;24.2;13.8;39;16;6.1;0.23;6.625;2.008.333.333;No;5.333.333.333;No;1.041.666.667;5.815.384.615;1.083.333.333;0.366666667;0.166666667;1.453.333.333;0.123333333;12;0.4;29;37;7;16;73;3;1;0.3;1.62;V;3;SEP
258;15;SEP;M;1;Si;15/09/2015;V;19.8;15;47;19;6.2;0.25;6.416.666.667;2.791.666.667;No;6.5;No;16.25;5.935.714.286;1.583.333.333;0.466666667;0.25;1.473.333.333;0.14;12;0.4;36;50;8;21;69;4.3;1.1;0.6;1.65;V;4;SEP
259;16;SEP;X;7.8;Si;16/09/2015;V;22.1;15.3;64;24;6;0.2;6;20.25;No;5.166.666.667;No;13.75;4.578.571.429;1.616.666.667;0.45;0.25;1.5;0.12;12;0.4;23;35;8;20;66;4.6;1.3;0.6;1.79;V;7;SEP
260;17;SEP;J;0;No;17/09/2015;V;20.5;10.4;33;15;6.1;0.26;9.541.666.667;2.829.166.667;No;4.666.666.667;No;8.75;4.992.857.143;1.65;0.466666667;0.25;1.473.333.333;0.143333333;12;0.4;40;47;6;12;64;4.4;1.5;0.7;1.64;V;2;SEP
261;18;SEP;V;0;No;18/09/2015;V;23.9;11.5;21;12;6.7;0.36;2.541.666.667;45.25;No;6;No;1.133.333.333;4.192.857.143;2.883.333.333;0.616666667;0.4;1.556.666.667;0.186666667;13;0.5;60;63;9;16;56;6.2;1.8;1.1;1.72;V;6;SEP
262;19;SEP;S;0;No;19/09/2015;V;25.9;13.8;26;13;6.1;0.34;22.375;4.379.166.667;No;9.2;No;1.536.363.636;5.028.571.429;3.433.333.333;0.716666667;0.716666667;1.6;0.22;13;0.5;56;62;12;22;61;7;2;2;1.82;V;5;SEP
263;20;SEP;D;0;No;20/09/2015;V;28.1;14.5;22;10;6;0.3;1.341.666.667;4.270.833.333;No;9.666.666.667;No;1.666.666.667;5.671.428.571;2.5;0.566666667;0.366666667;1.57;0.186666667;13;0.5;34;56;13;25;77;5.2;1.7;0.7;1.75;A;1;SEP
264;21;SEP;L;0;No;21/09/2015;V;29.5;14.6;27;13;6;0.35;22.25;5.483.333.333;No;1.133.333.333;No;1.958.333.333;5.764.285.714;3.06;0.66;0.48;1.57;0.19;13;0.5;53;78;15;29;73;6.8;2.2;0.8;1.77;V;3;SEP
265;22;SEP;M;0;No;22/09/2015;V;29;14.1;36;15;6.3;0.33;28.875;5.116.666.667;No;9.5;No;20.75;6.142.857.143;4.14;0.76;0.52;1.66;0.226666667;13;0.5;48;75;13;29;90;6.9;2.2;1;1.92;A;4;SEP
266;23;SEP;X;0;No;23/09/2015;V;24.5;15.3;37;18;5.8;0.27;8.708.333.333;31.5;No;6.5;No;1.283.333.333;50.5;1.96;0.42;0.22;1.52;0.166666667;12;0.4;25;47;9;17;60;4.3;1.2;0.5;1.7;V;7;SEP
267;24;SEP;J;0;No;24/09/2015;V;27.1;14.1;26;11;6.4;0.31;1.695.833.333;39.625;No;6.5;No;1.216.666.667;4.285.714.286;2.55;0.533333333;0.483333333;1.516.666.667;0.176666667;12;0.4;52;63;9;18;58;4.7;1.4;1.2;1.65;V;2;SEP
268;25;SEP;V;0;No;25/09/2015;V;29.2;16.4;25;11;6.3;0.37;2.508.695.652;5.160.869.565;No;9.5;No;1.741.666.667;4.553.846.154;3.166.666.667;0.566666667;0.433333333;1.536.666.667;0.21;12;0.6;87;75;11;23;59;5.3;1.7;1.1;1.7;V;6;SEP
269;26;SEP;S;0;No;26/09/2015;V;28.6;17.1;40;17;6.5;0.36;2.447.826.087;4.969.565.217;No;1.066.666.667;No;1.941.666.667;4.384.615.385;3.25;0.616666667;0.483333333;1.55;0.206666667;12;0.6;85;74;13;31;64;5.6;1.8;1.2;1.71;V;5;SEP
270;27;SEP;D;0;No;27/09/2015;V;27.1;16.5;31;14;5.8;0.29;9.666.666.667;37.875;No;8;No;1.666.666.667;5.723.076.923;2.26;0.54;0.3;1.45;0.135;11;0.4;45;61;10;22;79;4.1;1.4;0.7;1.64;A;1;SEP
271;28;SEP;L;0;No;28/09/2015;V;24.7;14.4;25;13;5.8;0.25;8;31.875;No;7;No;15.5;5.353.846.154;2.14;0.46;0.32;1.43;0.115;11;0.4;25;52;10;24;66;4.3;1.2;0.5;1.61;V;3;SEP
272;29;SEP;M;0;No;29/09/2015;V;23.8;13.1;24;12;6;0.29;13.75;3.629.166.667;No;8.666.666.667;No;1.633.333.333;5.214.285.714;2.566.666.667;0.716666667;0.383333333;1.533.333.333;0.163333333;11;0.4;31;54;10;22;61;4.6;1.5;0.7;1.71;V;4;SEP
273;30;SEP;X;0;No;30/09/2015;V;23.4;15.3;21;10;5.777.777.778;0.29;1.041.666.667;4.045.833.333;No;8;No;1.633.333.333;5.378.571.429;2.633.333.333;0.716666667;0.5;1.566.666.667;0.173333333;11;0.4;27;60;10;25;66;6;2.2;1.3;1.75;V;7;SEP
274;1;OCT;J;0;No;01/10/2015;V;25.4;12.8;32;14;6.444.444.444;0.35;2.641.666.667;5.208.333.333;No;11.5;No;2.133.333.333;4.171.428.571;4.733.333.333;0.916666667;0.683333333;1.576.666.667;0.21;11;0.6;53;80;14;31;52;6.8;2.4;1.7;1.74;V;2;OCT
275;2;OCT;V;0;No;02/10/2015;V;24.9;14.7;35;17;5.6;0.27;11.75;34.75;No;9;No;1.958.333.333;59.5;2.583.333.333;0.566666667;0.35;1.52;0.19;11;0.5;40;71;11;26;82;5.2;1.4;0.6;1.73;A;6;OCT
276;3;OCT;S;0;No;03/10/2015;V;24.4;15;34;14;6.1;0.28;12.75;4.308.333.333;No;12;No;2.258.333.333;4.392.857.143;2.666.666.667;0.666666667;0.383333333;1.676.666.667;0.21;11;0.4;35;73;14;32;66;4.9;1.7;0.7;2.02;V;5;OCT
277;4;OCT;D;0.4;Si;04/10/2015;V;21.4;15.4;33;16;6.2;0.25;6.583.333.333;28;No;12.5;No;25.75;3.571.428.571;1.733.333.333;0.55;0.233333333;1.583.333.333;0.163333333;11;0.4;20;42;14;35;49;3.8;1.4;0.5;1.87;V;1;OCT
278;5;OCT;L;10.1;Si;05/10/2015;V;22.4;16.7;48;21;6;0.22;8.666.666.667;25.125;No;1.133.333.333;No;2.341.666.667;3.457.142.857;1.98;0.54;0.28;1.36;0.08;12;0.4;30;46;14;29;51;4.8;1.7;0.8;1.54;V;3;OCT
279;6;OCT;M;0;No;06/10/2015;V;20.7;14.6;45;18;5.9;0.22;6.75;20.625;No;5;No;1.033.333.333;4.178.571.429;1.516.666.667;0.583333333;0.233333333;1.476.666.667;0.136666667;11;0.4;31;47;7;15;58;3.5;1.5;0.4;1.65;V;4;OCT
280;7;OCT;X;0;No;07/10/2015;V;20.5;12.5;18;10;6.4;0.32;2.133.333.333;4.354.166.667;No;7.333.333.333;No;1.383.333.333;3.307.142.857;4.133.333.333;0.766666667;0.483333333;1.566.666.667;0.196666667;11;0.4;53;60;9;18;43;7.7;1.8;1.1;1.78;V;7;OCT
281;8;OCT;J;0;No;08/10/2015;V;22;11.6;31;12;6.7;0.37;3.354.166.667;4.870.833.333;No;9.5;No;17.75;3.628.571.429;4.3;0.9;0.733333333;1.543.333.333;0.196666667;12;0.5;94;71;12;21;49;9.2;2.4;2;1.72;V;2;OCT
282;9;OCT;V;0;No;09/10/2015;V;21.5;11.9;19;10;7;0.44;4.233.333.333;6.079.166.667;No;1.216.666.667;No;2.133.333.333;2.685.714.286;5.316.666.667;1;0.85;1.67;0.226666667;13;0.6;109;79;14;24;41;9.3;2.6;1.9;1.86;V;6;OCT
283;10;OCT;S;0;No;10/10/2015;V;22.3;11.3;26;10;6.8;0.39;27.375;5.029.166.667;No;1.333.333.333;No;22.75;3.457.142.857;4.25;0.933333333;0.75;1.616.666.667;0.213333333;13;0.8;72;78;19;30;46;6.9;2.2;1.6;1.78;V;5;OCT
284;11;OCT;D;4.1;Si;11/10/2015;V;20.2;14.1;29;13;5.7;0.25;6.416.666.667;24.125;No;9;No;1.316.666.667;3.678.571.429;1.65;0.466666667;0.216666667;1.556.666.667;0.146666667;12;0.4;21;41;11;17;55;3.4;1.1;0.3;1.74;V;1;OCT
285;12;OCT;L;0;No;12/10/2015;V;21.4;15.3;24;12;5.7;0.25;8.708.333.333;26.375;No;5.166.666.667;No;9.416.666.667;2.642.857.143;1.783.333.333;0.483333333;0.266666667;1.63;0.153333333;11;0.3;32;38;7;12;44;4.3;1.4;0.6;1.76;V;3;OCT
286;13;OCT;M;2.4;Si;13/10/2015;V;16;11.8;39;16;5.9;0.34;2.554.166.667;3.941.666.667;No;9.166.666.667;No;12.75;1.935.714.286;3.85;0.8;0.4;1.623.333.333;0.193333333;12;0.5;82;59;12;17;31;5.7;1.8;0.6;1.79;V;4;OCT
287;14;OCT;X;0;No;14/10/2015;V;17.1;7.7;19;10;6.8;0.41;3.370.833.333;47;No;1.283.333.333;No;1.783.333.333;2.492.857.143;3.866.666.667;1.033.333.333;0.816666667;1.6;0.213333333;12;0.5;79;65;16;23;37;6.6;2.4;1.8;1.78;V;7;OCT
288;15;OCT;J;0.1;Si;15/10/2015;V;19.1;7.5;21;10;6.7;0.42;3.908.333.333;6.091.666.667;No;12.75;No;19.5;2.585.714.286;4.38;0.74;0.58;1.606.666.667;0.236666667;13;0.5;95;78;15;23;46;5.4;1;0.9;1.8;V;2;OCT
289;16;OCT;V;0;No;16/10/2015;V;20.5;8.7;17;9;7.8;0.54;66.5;71.375;No;15;No;25.5;23;6.6;1.18;1;1.7;0.283333333;15;0.8;147;101;18;31;42;9.4;1.9;1.8;1.89;V;6;OCT
290;17;OCT;S;7.5;Si;17/10/2015;V;21.5;13.2;20;11;5.7;0.36;1.608.333.333;4.458.333.333;No;1.433.333.333;No;2.272.727.273;2.992.307.692;3.116.666.667;0.85;0.583333333;1.593.333.333;0.186666667;12;0.5;64;66;16;27;50;5.1;1.8;1;1.74;V;5;OCT
291;18;OCT;D;20.5;Si;18/10/2015;V;18.4;13.8;23;9;6;0.31;1.245.833.333;34.75;No;10.5;No;1.509.090.909;2.084.615.385;2.266.666.667;0.616666667;0.333333333;1.683.333.333;0.163333333;11;0.4;47;51;12;20;36;4.5;1.6;0.7;1.83;V;1;OCT
292;19;OCT;L;3.2;Si;19/10/2015;V;19;14.2;21;10;6.4;0.34;1.770.833.333;40.75;No;9.166.666.667;No;1.363.636.364;2.661.538.462;3.05;0.7;0.466666667;1.55;0.166666667;12;0.5;75;59;11;16;43;5.1;1.9;0.9;1.68;V;3;OCT
293;20;OCT;M;0.1;Si;20/10/2015;V;20;13.3;46;20;7.7;0.3;1.116.666.667;3.258.333.333;No;5.833.333.333;No;1.091.666.667;3.314.285.714;2.233.333.333;0.566666667;0.233333333;1.516.666.667;0.183333333;19;0.4;50;56;8;14;51;3.6;1.1;0.5;1.66;V;4;OCT
294;21;OCT;X;0;No;21/10/2015;V;16.6;7.5;26;11;7.3;0.4;2.970.833.333;43.625;No;9;No;1.436.363.636;2.871.428.571;3.3;1;0.44;1.48;0.15;14;0.5;82;63;11;17;39;5.3;2.3;0.9;1.68;V;7;OCT
295;22;OCT;J;0;No;22/10/2015;V;18.8;7.7;18;8;7.6;0.5;4.954.166.667;6.304.166.667;No;1.316.666.667;No;2.191.666.667;1.764.285.714;5.48;1.18;0.84;1.56;0.19;15;0.6;117;81;16;28;29;7.4;2.6;1.6;1.78;V;2;OCT
296;23;OCT;V;0;No;23/10/2015;V;19;9.8;25;12;8.3;0.59;79.75;6.270.833.333;No;1.383.333.333;No;25.25;1.357.142.857;6.76;1.42;1.24;1.583.333.333;0.19;16;0.7;161;79;17;33;28;8.9;2.9;2.5;1.86;V;6;OCT
297;24;OCT;S;0;No;24/10/2015;V;20.1;12;17;8;9;0.54;5.930.434.783;5.643.478.261;No;1.633.333.333;No;24.75;1.785.714.286;5.8;1.35;1.125;1.59;0.185;15;0.7;132;72;19;31;33;7.5;2.7;2;1.82;V;5;OCT
298;25;OCT;D;0;No;25/10/2015;V;20.4;13.4;24;11;6.9;0.33;1.708.333.333;3.445.833.333;No;1.116.666.667;No;1.633.333.333;3.642.857.143;2.46;0.72;0.36;1.6;0.135;14;0.4;68;58;13;20;57;4.3;1.7;0.7;1.83;V;1;OCT
299;26;OCT;L;0.6;Si;26/10/2015;V;17.7;13.8;21;9;6.4;0.31;1.258.333.333;34.125;No;10.5;No;1.566.666.667;3.271.428.571;2.36;0.62;0.3;1.54;0.11;13;0.4;42;53;11;18;46;4.5;1.7;0.7;1.75;V;3;OCT
300;27;OCT;M;1.6;Si;27/10/2015;V;15.8;9.9;45;22;6.2;0.26;9.541.666.667;2.891.666.667;No;6.666.666.667;No;9.916.666.667;44.5;2.25;0.75;0.35;1.413.333.333;0.106666667;13;0.4;30;45;9;14;64;4.7;2.2;1;1.73;V;4;OCT
301;28;OCT;X;0.1;Si;28/10/2015;V;15.3;8.5;38;10;5.7;0.26;8.166.666.667;2.554.166.667;No;4.666.666.667;No;9.416.666.667;5.392.857.143;2.25;0.966666667;0.35;1.37;0.103333333;12;0.4;33;49;7;13;81;5.3;3.7;1.1;1.59;A;7;OCT
302;29;OCT;J;0;No;29/10/2015;V;16.3;11.5;17;4;6.3;0.33;22.125;4.079.166.667;No;8.2;No;1.563.636.364;3.671.428.571;4.133.333.333;1.033.333.333;0.65;1.4;0.11;13;0.5;63;60;12;20;63;10.4;2.7;2;1.63;V;2;OCT
303;30;OCT;V;0;No;30/10/2015;V;20.3;10.9;19;9;7.7;0.52;5.408.333.333;54.5;No;1.433.333.333;No;2.183.333.333;1.928.571.429;7.816.666.667;1.483.333.333;1.333.333.333;1.495;0.145;15;0.8;150;71;18;27;29;15.6;3.3;3.5;1.64;V;6;OCT
304;31;OCT;S;0;No;31/10/2015;V;19.7;13;25;12;7.6;0.34;1.166.666.667;34.125;No;1.183.333.333;No;1.808.333.333;4.107.142.857;2.34;0.54;0.2;1.345;0.065;16;0.5;55;64;14;26;57;3.4;1.2;0.3;1.35;V;5;OCT
305;1;NOV;D;0;No;01/11/2015;V;18.8;14.7;42;22;8.8;0.31;5.208.333.333;2.420.833.333;No;7.5;No;1.183.333.333;5.385.714.286;1.683.333.333;1.066.666.667;0.3;1.316.666.667;0.07;24;0.5;16;44;10;15;77;3.9;4.3;1;1.39;A;1;NOV
306;2;NOV;L;26.6;Si;02/11/2015;V;16.2;10.3;40;19;6.4;0.3;8.291.666.667;3.316.666.667;No;5.166.666.667;No;8.416.666.667;4.778.571.429;2.083.333.333;0.816666667;0.4;1.29;0.056666667;12;0.4;26;51;7;11;68;3.9;2.3;1;1.33;V;3;NOV
307;3;NOV;M;2.4;Si;03/11/2015;V;14.3;9.8;31;12;6.2;0.32;1.329.166.667;3.729.166.667;No;5.666.666.667;No;1.058.333.333;3.778.571.429;2.16;0.62;0.26;1.323.333.333;0.056666667;12;0.6;42;57;8;16;60;4.4;1.6;0.6;1.41;V;4;NOV
308;4;NOV;X;0.3;Si;04/11/2015;V;16;10.9;17;9;6.333.333.333;0.4;3.668.181.818;5.190.909.091;No;12.6;No;1.981.818.182;1.408.333.333;5.58;1.1;1;1.315;0.08;12;0.5;81;65;16;26;27;13.7;2.3;3.1;1.38;V;7;NOV
309;5;NOV;J;0.1;Si;05/11/2015;V;17.4;12.9;22;10;6.111.111.111;0.433333333;472.173.913;5.108.695.652;No;10.4;No;1.927.272.727;2.069.230.769;7.5;1.46;1.32;1.4;0.085;12;0.7;113;72;12;27;35;21.2;3.7;4.3;1.58;V;2;NOV
310;6;NOV;V;0;No;06/11/2015;V;19.7;11.8;13;6;8.9;0.69;1.021.666.667;6.533.333.333;No;2.316.666.667;No;3.283.333.333;1.257.142.857;11.5;2.083.333.333;2.15;1.483.333.333;0.143333333;17;1;175;92;28;41;24;26.6;3.8;5.3;1.68;V;6;NOV
311;7;NOV;S;0.1;Si;07/11/2015;V;21.5;12.1;14;8;8.1;0.522222222;5.413.043.478;472.173.913;No;1.733.333.333;No;2.216.666.667;1.776.923.077;6.883.333.333;1.5;1.083.333.333;1.373.333.333;0.226666667;15;0.8;161;71;22;30;33;12.7;2.8;2.6;1.45;V;5;NOV
312;8;NOV;D;0;No;08/11/2015;V;21;13.4;22;12;8;0.44;3.883.333.333;4.191.666.667;No;10.5;No;1.491.666.667;2.464.285.714;4.216.666.667;1.05;0.65;1.336.666.667;0.106666667;16;0.6;96;62;14;21;40;7.8;2;1.6;1.43;V;1;NOV
313;9;NOV;L;0;No;09/11/2015;V;20.6;10.9;16;8;8.2;0.52;6.182.608.696;5.473.913.043;No;1.216.666.667;No;1.808.333.333;2.028.571.429;6.533.333.333;1.4;1.016.666.667;1.353.333.333;0.14;17;0.7;135;77;14;22;39;11.3;2.6;2.4;1.44;V;3;NOV
314;10;NOV;M;0;No;10/11/2015;V;19.8;10.2;18;10;10.7;0.71;1.155.217.391;7.943.478.261;No;2.033.333.333;No;3.033.333.333;1.071.428.571;1.271.666.667;2.416.666.667;2.25;1.46;0.206666667;20;1;246;114;26;42;26;29.1;4.7;5.6;1.59;V;4;NOV
315;11;NOV;X;0;No;11/11/2015;V;19.7;8.8;13;5;11.5;0.78;1.320.833.333;84.875;No;22.5;No;32.75;10.5;1.416.666.667;2.633.333.333;2.45;1.513.333.333;0.27;21;1.1;257;123;28;45;27;23.6;3.8;4.7;1.68;V;7;NOV
316;12;NOV;J;0;No;12/11/2015;V;19.3;8.5;12;5;10.7;0.69;1.055.416.667;8.041.666.667;No;18.5;No;2.958.333.333;15;1.126.666.667;2.066.666.667;1.883.333.333;1.476.666.667;0.183333333;20;0.9;252;111;25;39;34;18.5;3.2;3.2;1.67;V;2;NOV
317;13;NOV;V;0;No;13/11/2015;V;19.2;8.2;30;16;10.6;0.61;73.375;6.704.166.667;No;16;No;2.508.333.333;1.835.714.286;8.866.666.667;1.566.666.667;1.216.666.667;1.37;0.15;19;0.9;203;101;20;33;44;14;2.6;2.1;1.49;V;6;NOV
318;14;NOV;S;0;No;14/11/2015;V;16.2;10.2;34;16;7.4;0.46;4.617.391.304;4.773.913.043;No;1.333.333.333;No;2.066.666.667;2.628.571.429;5.683.333.333;1.1;0.833333333;1.333.333.333;0.113333333;15;0.6;87;62;17;26;51;16.2;2.4;2.5;1.46;V;5;NOV
319;15;NOV;D;0;No;15/11/2015;V;17.4;7.6;15;9;8;0.5;5.208.695.652;5.091.304.348;No;1.783.333.333;No;2.283.333.333;1.721.428.571;5.383.333.333;1.366.666.667;0.75;1.383.333.333;0.126666667;15;0.7;154;72;21;29;39;12.1;2.9;2.1;1.44;V;1;NOV
320;16;NOV;L;0;No;16/11/2015;V;16.5;7.3;15;6;9.3;0.6;8.795.652.174;6.647.826.087;Si;26.5;No;34.25;1.178.571.429;6.016.666.667;1.566.666.667;0.95;1.483.333.333;0.153333333;17;0.9;224;92;29;40;33;8.4;2.9;1.9;1.61;V;3;NOV
321;17;NOV;M;0;No;17/11/2015;V;15.9;6.4;12;6;9.4;0.64;9.654.166.667;7.066.666.667;Si;3.316.666.667;No;4.258.333.333;1.014.285.714;7.75;1.55;1.316.666.667;1.573.333.333;0.173333333;17;0.8;218;100;36;52;28;10.2;3.2;2.8;1.73;V;4;NOV
322;18;NOV;X;0;No;18/11/2015;V;18.4;6.4;10;5;11.3;0.73;113.25;76.125;No;23;No;3.458.333.333;1.007.142.857;8.7;1.65;1.316.666.667;1.516.666.667;0.176666667;18;1.1;222;101;32;49;25;10.6;2.8;1.7;1.62;V;7;NOV
323;19;NOV;J;0;No;19/11/2015;V;19;8.5;10;6;10.9;0.75;123.5;7.691.666.667;No;21;No;3.433.333.333;10;9.433.333.333;1.85;1.483.333.333;1.51;0.186666667;18;1;236;104;24;42;21;12.5;3.6;2.2;1.68;V;2;NOV
324;20;NOV;V;0;No;20/11/2015;V;18.7;8.5;32;11;9.7;0.59;8.683.333.333;6.266.666.667;No;2.116.666.667;No;3.066.666.667;1.385.714.286;7.04;1.58;1.04;1.533.333.333;0.163333333;17;0.9;152;93;28;44;28;10.2;2.9;1.5;1.74;V;6;NOV
325;21;NOV;S;0.6;Si;21/11/2015;V;15.9;4.4;55;21;6.4;0.24;7;2.258.333.333;No;6.666.666.667;No;14;51;1.266.666.667;0.366666667;0.166666667;1.24;0.086666667;14;0.4;23;43;8;17;73;3.1;0.9;0.3;1.34;V;5;NOV
326;22;NOV;D;0;No;22/11/2015;V;9.2;3.8;30;13;5.6;0.27;8.083.333.333;2.854.166.667;No;3.5;No;6.333.333.333;4.861.538.462;1.05;0.45;0.166666667;1.256.666.667;0.093333333;13;0.4;29;43;5;8;74;3;1.3;0.3;1.35;V;1;NOV
327;23;NOV;L;0;No;23/11/2015;V;10.4;2.9;37;17;8;0.288888889;1.816.666.667;3.970.833.333;No;3.8;No;8.454.545.455;3.746.153.846;1.9;0.566666667;0.216666667;1.283.333.333;0.106666667;18;0.4;60;64;5;10;55;3.9;1.5;0.4;1.4;V;3;NOV
328;24;NOV;M;0;No;24/11/2015;V;10.9;2.3;14;6;9;0.54;71.75;7.479.166.667;No;1.316.666.667;No;22.5;1.435.714.286;5.166.666.667;1.233.333.333;0.8;1.533.333.333;0.176666667;18;0.7;120;102;17;29;29;8;2.8;1.9;1.69;V;4;NOV
329;25;NOV;X;0;No;25/11/2015;V;15.8;6.7;38;17;7.3;0.33;20.25;3.845.833.333;No;5.833.333.333;No;1.233.333.333;4.492.857.143;2.866.666.667;0.766666667;0.483333333;1.356.666.667;0.116666667;15;0.5;54;70;8;22;84;5.7;2;1.3;1.5;A;7;NOV
330;26;NOV;J;0;No;26/11/2015;V;16.1;6.3;40;17;10.3;0.52;6.004.166.667;6.158.333.333;No;9.5;No;19.25;36;4.75;1.066.666.667;0.733333333;1.34;0.15;19;0.8;173;106;13;25;60;7.2;2.4;1.5;1.48;V;2;NOV
331;27;NOV;V;0;No;27/11/2015;V;16.2;7.4;45;17;9.2;0.477777778;4.769.565.217;5.695.652.174;No;9;No;15.25;3.330.769.231;4.383.333.333;0.933333333;0.6;1.303.333.333;0.123333333;19;0.7;108;88;12;22;57;6.2;2.1;1.2;1.48;V;6;NOV
332;28;NOV;S;0;No;28/11/2015;V;15.3;5.1;25;14;10.2;0.51;54.375;55.375;No;11;No;1.733.333.333;2.342.857.143;4.333.333.333;1.066.666.667;0.65;1.416.666.667;0.163333333;23;0.7;94;76;16;27;49;6.2;2.4;1.4;1.59;V;5;NOV
333;29;NOV;D;0;No;29/11/2015;V;12.6;2.4;13;5;9.3;0.56;55.75;6.020.833.333;No;14.5;No;1.916.666.667;2.064.285.714;3.366.666.667;1.166.666.667;0.5;1.386.666.667;0.14;18;0.8;133;87;18;25;45;5.4;2.2;1;1.51;V;1;NOV
334;30;NOV;L;0;No;30/11/2015;V;14.8;2.2;16;8;13.8;0.79;1.170.833.333;8.583.333.333;No;1.916.666.667;No;2.858.333.333;1.342.857.143;9.45;2.116.666.667;1.416.666.667;1.5;0.2;26;1.1;276;131;27;44;33;18.6;3.2;3.2;1.67;V;3;NOV
335;1;DIC;M;0;No;01/12/2015;V;14.6;3;14;6;13.3;0.82;124.625;9.158.333.333;No;19.5;No;3.141.666.667;1.228.571.429;8.56;1.633.333.333;1.333.333.333;1.51;0.206666667;21;1.2;277;133;29;51;33;15.4;2.7;2;1.58;V;4;DIC
336;2;DIC;X;0;No;02/12/2015;V;13.4;4.4;11;5;15.5;0.96;168;104.875;Si;3.216.666.667;No;45.75;7.785.714.286;1.151.666.667;2.35;2.016.666.667;1.653.333.333;0.243333333;26;1.4;337;147;40;65;25;15.4;4.1;3.5;1.9;V;7;DIC
337;3;DIC;J;0;No;03/12/2015;V;14.7;4.3;12;11;13;0.83;1.302.916.667;88.125;Si;28.5;No;3.933.333.333;9.928.571.429;1.023.333.333;2.166.666.667;1.616.666.667;1.56;0.193333333;21;1.1;291;130;33;60;27;18.1;3.6;2.9;1.72;V;2;DIC
338;4;DIC;V;0;No;04/12/2015;V;16.3;6.2;16;7;15.6;0.97;1.582.916.667;9.366.666.667;Si;2.966.666.667;No;44.25;8.214.285.714;11.34;2.52;2.14;1.553.333.333;0.213333333;23;1.4;323;138;35;59;26;18.6;3.7;3.7;1.7;V;6;DIC
339;5;DIC;S;0;No;05/12/2015;V;16.6;7.6;15;8;12;0.74;9.733.333.333;7.391.666.667;Si;2.516.666.667;No;3.458.333.333;1.128.571.429;8.516.666.667;1.966.666.667;1.466.666.667;1.583.333.333;0.186666667;22;1;228;109;30;49;29;14;3.1;2.6;1.84;V;5;DIC
340;6;DIC;D;0;No;06/12/2015;V;15.5;6.5;14;8;9.8;0.56;5.816.666.667;55.25;No;18.5;No;2.391.666.667;16;4.333.333.333;1.216.666.667;0.683333333;1.453.333.333;0.133333333;18;0.8;164;83;23;33;37;6.7;2.3;1.2;1.58;V;1;DIC
341;7;DIC;L;0;No;07/12/2015;V;11.6;7.6;17;8;9.4;0.5;4.029.166.667;5.533.333.333;No;1.866.666.667;No;24;1.221.428.571;3.666.666.667;1;0.433333333;1.346.666.667;0.113333333;17;0.8;136;77;22;32;31;4.9;2;0.7;1.44;V;3;DIC
342;8;DIC;M;0;No;08/12/2015;V;13.9;7.8;14;7;10.5;0.5;4.383.333.333;53.5;Si;26.5;No;2.941.666.667;1.057.142.857;3.65;1.183.333.333;0.516666667;1.403.333.333;0.126666667;18;0.7;123;75;30;42;28;5.4;2.5;0.9;1.47;V;4;DIC
343;9;DIC;X;0;No;09/12/2015;V;14.5;8.4;30;15;10.8;0.57;6.804.166.667;5.829.166.667;No;14.5;No;1.991.666.667;1.684.615.385;4.75;1.166.666.667;0.8;1.343.333.333;0.126666667;19;0.8;197;92;21;31;35;7.4;2.2;1.3;1.43;V;7;DIC
344;10;DIC;J;0;No;10/12/2015;V;13.5;8.1;18;10;10.6;0.55;57.5;5.958.333.333;No;1.683.333.333;No;2.116.666.667;1.471.428.571;4.633.333.333;1.116.666.667;0.683333333;1.336.666.667;0.116666667;22;0.8;181;91;19;32;30;6.8;2.3;1.1;1.43;V;2;DIC
345;11;DIC;V;0;No;11/12/2015;V;13.8;9;19;8;10.2;0.46;3.404.166.667;53.625;No;1.233.333.333;No;1.766.666.667;1.792.857.143;3.616.666.667;0.85;0.416666667;1.323.333.333;0.113333333;28;0.6;90;76;14;26;36;4.5;1.7;0.7;1.41;V;6;DIC
346;12;DIC;S;0;No;12/12/2015;V;12;9.1;18;9;8.2;0.34;14;4.395.833.333;No;1.133.333.333;No;15;29;2.15;0.616666667;0.25;1.273.333.333;0.093333333;22;0.5;35;61;13;23;48;3.7;1.4;0.4;1.37;V;5;DIC
347;13;DIC;D;0;No;13/12/2015;V;12.4;5.5;23;8;9.1;0.53;4.483.333.333;5.795.833.333;No;2.016.666.667;No;2.458.333.333;1.478.571.429;3.183.333.333;1.1;0.383333333;1.496.666.667;0.13;17;0.7;136;83;23;34;35;4.5;2.1;0.5;1.75;V;1;DIC
348;14;DIC;L;0.2;Si;14/12/2015;V;14.1;8.8;21;10;8.1;0.44;41.25;5.841.666.667;No;19;No;3.183.333.333;1.557.142.857;4.383.333.333;1.1;0.666666667;1.566.666.667;0.126666667;15;0.5;86;73;20;38;31;8.4;2.3;1.1;1.71;V;3;DIC
349;15;DIC;M;0;No;15/12/2015;V;15.6;8.8;19;9;10;0.62;9.416.666.667;7.029.166.667;Si;27;No;4.883.333.333;1.171.428.571;6.5;1.483.333.333;1.1;1.73;0.153333333;17;0.9;161;86;29;59;31;10.3;2.6;2;2.1;V;4;DIC
350;16;DIC;X;0;No;16/12/2015;V;15.3;6.9;17;9;12.5;0.69;1.034.166.667;6.816.666.667;Si;2.733.333.333;No;47.5;8.428.571.429;6.466.666.667;1.516.666.667;0.9;1.436.666.667;0.156666667;21;1;275;110;33;64;26;9.2;2.8;1.5;1.61;V;7;DIC
351;17;DIC;J;0;No;17/12/2015;V;15.1;6.6;15;8;13.6;0.8;137.75;7.941.666.667;Si;3.133.333.333;Si;5.583.333.333;8.214.285.714;7.8;1.7;2.083.333.333;1.533.333.333;0.206666667;22;1;302;118;35;71;26;13.7;3.2;3.3;1.79;V;2;DIC
352;18;DIC;V;0;No;18/12/2015;V;15.1;7.6;12;6;13.2;0.77;1.246.666.667;79;Si;3.233.333.333;Si;53;8.571.428.571;8.216.666.667;1.9;1.6;1.49;0.196666667;22;1;308;124;36;68;25;11.9;3.3;2.3;1.7;V;6;DIC
353;19;DIC;S;0;No;19/12/2015;V;15.4;6.1;17;9;12.8;0.71;93;7.229.166.667;Si;31.5;No;4.733.333.333;1.042.857.143;6.516.666.667;1.716.666.667;1.016.666.667;1.51;0.16;21;0.9;240;106;35;61;27;10;3.2;1.8;1.7;V;5;DIC
354;20;DIC;D;0;No;20/12/2015;V;14.8;6.8;31;12;10.1;0.54;46.75;5.695.833.333;No;24.5;No;41;1.178.571.429;3.666.666.667;1.2;0.483333333;1.416.666.667;0.126666667;17;0.7;154;83;25;50;29;5.8;2.7;0.8;1.53;V;1;DIC
355;21;DIC;L;0;No;21/12/2015;V;13.7;5.7;21;9;11.1;0.67;9.066.666.667;72.875;Si;2.933.333.333;No;4.116.666.667;1.071.428.571;6.333.333.333;1.733.333.333;0.833333333;1.57;0.156666667;19;0.9;164;92;31;55;28;8.5;3.3;1.5;1.81;V;3;DIC
356;22;DIC;M;0;No;22/12/2015;V;14.7;5.2;21;13;13.2;0.78;115.375;8.029.166.667;No;23.5;No;3.358.333.333;1.178.571.429;7.783.333.333;1.8;1.033.333.333;1.49;0.156666667;20;1;262;114;28;46;29;10.5;3.5;1.8;1.68;V;4;DIC
357;23;DIC;X;0;No;23/12/2015;V;14.3;4.9;19;10;14;0.78;1.251.666.667;82.375;Si;26.5;No;36.25;1.064.285.714;8.6;1.9;1.2;1.526.666.667;0.173333333;21;1;315;130;29;52;30;12.7;3.3;2.5;1.76;V;7;DIC
358;24;DIC;J;0;No;24/12/2015;V;10;3.2;10;4;12.3;0.67;9.520.833.333;66.75;Si;3.183.333.333;No;3.591.666.667;8.428.571.429;6.133.333.333;1.633.333.333;0.583333333;1.68;0.156666667;18;0.8;221;96;36;49;26;8.7;3.4;1.2;2.05;V;2;DIC
359;25;DIC;V;0;No;25/12/2015;V;12.8;3.3;19;11;11.2;0.62;6.633.333.333;5.791.666.667;Si;3.616.666.667;No;3.616.666.667;1.414.285.714;4.383.333.333;1.533.333.333;0.45;1.53;0.14;20;0.8;204;92;40;56;34;6;2.9;0.8;1.71;V;6;DIC
360;26;DIC;S;0;No;26/12/2015;V;11.1;3.8;21;9;10.4;0.52;4.370.833.333;5.245.833.333;No;24.5;No;2.558.333.333;1.614.285.714;2.716.666.667;1.05;0.316666667;1.386.666.667;0.113333333;18;0.7;133;75;31;40;35;3.9;2.2;0.4;1.48;V;5;DIC
361;27;DIC;D;0;No;27/12/2015;V;13.8;5.9;23;13;11;0.43;2.058.333.333;3.883.333.333;No;1.283.333.333;No;17.75;2.592.857.143;1.516.666.667;0.733333333;0.166666667;1.32;0.093333333;29;0.7;101;70;18;31;51;2.1;1.4;0.3;1.42;V;1;DIC
362;28;DIC;L;0.7;Si;28/12/2015;V;14.1;6.4;30;14;9.7;0.39;2.316.666.667;4.883.333.333;No;14;No;2.691.666.667;2.457.142.857;2.04;0.6;0.22;1.31;0.086666667;19;0.5;70;69;15;31;42;2.5;1;0.3;1.37;V;3;DIC
363;29;DIC;M;0;No;29/12/2015;V;10.7;6;22;9;7.9;0.34;2.433.333.333;4.329.166.667;No;11.5;No;1.591.666.667;2.757.142.857;1.88;0.52;0.26;1.296.666.667;0.08;15;0.4;60;56;15;26;45;2.6;0.9;0.5;1.37;V;4;DIC
364;30;DIC;X;0;No;30/12/2015;V;10.4;7;18;9;8.2;0.35;1.845.833.333;4.254.166.667;No;9.333.333.333;No;1.508.333.333;2.671.428.571;2.916.666.667;0.733333333;0.266666667;1.343.333.333;0.086666667;14;0.4;56;58;12;24;43;7.5;1.8;0.4;1.49;V;7;DIC
365;31;DIC;J;0.6;Si;31/12/2015;V;12.2;9.2;22;10;8;0.38;23.75;4.345.833.333;No;1.116.666.667;No;1.433.333.333;1.707.142.857;3.05;0.816666667;0.233333333;1.366.666.667;0.083333333;14;0.5;55;56;14;22;32;8.3;1.9;0.4;1.53;V;2;DIC
